513849672769312485842657139957136824326784951481925367135298746694573218278461593
549763821672518394831249567213857946956431278487926135768192453324685719195374682
458231976391657248267894153982143567173569482546782391829375614634918725715426839
824571369379628145165934782416352897953786421782419653238165974691247538547893216
354168297689372541172594683716439852523681974948257316865743129237915468491826735
246158739573496821918327564832749156169835472754261398681572943427913685395684217
698435127152876394347192658264781935839254761571369482986517243413628579725943816
529761834783954126461283795194578263635129478278436951817395642342617589956842317
614372598957681324328954176176549832892136457435728619583267941241895763769413285
379651284546823917812749563251936478467518392983274651624185739135497826798362145
865274391124359786379861452583617249296485173417932865948523617631798524752146938
817965324492873156536124798685412937723598641941637582268351479379246815154789263
267489153158326479493517628731265894625948317849173265584691732312754986976832541
351246987682975341974813652497158236536429718218637594823561479145792863769384125
398524716725961483146738529473615298852493671961287354214876935639152847587349162
269415837784362951315978624492651378871243569653789142528134796146597283937826415
253768419418259673697431285731924856526813794984675132345182967879546321162397548
964573821372418695815692743748936512159287364236145978627854139481369257593721486
317582694546913728298746513639471852875629341421835976162397485954168237783254169
946382517821579643537164892268741359153698274794253186485936721619827435372415968
625738491493615278871429365548172639712396584936584712267951843184263957359847126
627348591481569327359721684714685239835972416296134875142857963573296148968413752
628953741795412368143687952281394576359761284467825139812536497934178625576249813
683279514192534768745681923368917452517428396429356871234195687971863245856742139
527168943983524716461973852876419235259637184134285697392846571718352469645791328
912483756678951324435276189267835941843619572591742863389564217726198435154327698
658372419412896735397514682734628951981753264526941873169437528275189346843265197
368541279192867435574293618941726853786135942253489761419378526637952184825614397
321869547496715832785324196273498651648153729519276384157982463832641975964537218
319726485245891376876453192457269831638145729921387564793512648564938217182674953
513849672769312485842657139957136824326784951481925367135298746694573218278461593
549763821672518394831249567213857946956431278487926135768192453324685719195374682
458231976391657248267894153982143567173569482546782391829375614634918725715426839
824571369379628145165934782416352897953786421782419653238165974691247538547893216
354168297689372541172594683716439852523681974948257316865743129237915468491826735
246158739573496821918327564832749156169835472754261398681572943427913685395684217
698435127152876394347192658264781935839254761571369482986517243413628579725943816
529761834783954126461283795194578263635129478278436951817395642342617589956842317
614372598957681324328954176176549832892136457435728619583267941241895763769413285
379651284546823917812749563251936478467518392983274651624185739135497826798362145
865274391124359786379861452583617249296485173417932865948523617631798524752146938
817965324492873156536124798685412937723598641941637582268351479379246815154789263
267489153158326479493517628731265894625948317849173265584691732312754986976832541
351246987682975341974813652497158236536429718218637594823561479145792863769384125
398524716725961483146738529473615298852493671961287354214876935639152847587349162
269415837784362951315978624492651378871243569653789142528134796146597283937826415
253768419418259673697431285731924856526813794984675132345182967879546321162397548
964573821372418695815692743748936512159287364236145978627854139481369257593721486
317582694546913728298746513639471852875629341421835976162397485954168237783254169
946382517821579643537164892268741359153698274794253186485936721619827435372415968
625738491493615278871429365548172639712396584936584712267951843184263957359847126
627348591481569327359721684714685239835972416296134875142857963573296148968413752
628953741795412368143687952281394576359761284467825139812536497934178625576249813
683279514192534768745681923368917452517428396429356871234195687971863245856742139
527168943983524716461973852876419235259637184134285697392846571718352469645791328
912483756678951324435276189267835941843619572591742863389564217726198435154327698
658372419412896735397514682734628951981753264526941873169437528275189346843265197
368541279192867435574293618941726853786135942253489761419378526637952184825614397
321869547496715832785324196273498651648153729519276384157982463832641975964537218
319726485245891376876453192457269831638145729921387564793512648564938217182674953
513849672769312485842657139957136824326784951481925367135298746694573218278461593
549763821672518394831249567213857946956431278487926135768192453324685719195374682
458231976391657248267894153982143567173569482546782391829375614634918725715426839
824571369379628145165934782416352897953786421782419653238165974691247538547893216
354168297689372541172594683716439852523681974948257316865743129237915468491826735
246158739573496821918327564832749156169835472754261398681572943427913685395684217
698435127152876394347192658264781935839254761571369482986517243413628579725943816
529761834783954126461283795194578263635129478278436951817395642342617589956842317
614372598957681324328954176176549832892136457435728619583267941241895763769413285
379651284546823917812749563251936478467518392983274651624185739135497826798362145
865274391124359786379861452583617249296485173417932865948523617631798524752146938
817965324492873156536124798685412937723598641941637582268351479379246815154789263
267489153158326479493517628731265894625948317849173265584691732312754986976832541
351246987682975341974813652497158236536429718218637594823561479145792863769384125
398524716725961483146738529473615298852493671961287354214876935639152847587349162
269415837784362951315978624492651378871243569653789142528134796146597283937826415
253768419418259673697431285731924856526813794984675132345182967879546321162397548
964573821372418695815692743748936512159287364236145978627854139481369257593721486
317582694546913728298746513639471852875629341421835976162397485954168237783254169
946382517821579643537164892268741359153698274794253186485936721619827435372415968
625738491493615278871429365548172639712396584936584712267951843184263957359847126
627348591481569327359721684714685239835972416296134875142857963573296148968413752
628953741795412368143687952281394576359761284467825139812536497934178625576249813
683279514192534768745681923368917452517428396429356871234195687971863245856742139
527168943983524716461973852876419235259637184134285697392846571718352469645791328
912483756678951324435276189267835941843619572591742863389564217726198435154327698
658372419412896735397514682734628951981753264526941873169437528275189346843265197
368541279192867435574293618941726853786135942253489761419378526637952184825614397
321869547496715832785324196273498651648153729519276384157982463832641975964537218
319726485245891376876453192457269831638145729921387564793512648564938217182674953
513849672769312485842657139957136824326784951481925367135298746694573218278461593
549763821672518394831249567213857946956431278487926135768192453324685719195374682
458231976391657248267894153982143567173569482546782391829375614634918725715426839
824571369379628145165934782416352897953786421782419653238165974691247538547893216
354168297689372541172594683716439852523681974948257316865743129237915468491826735
246158739573496821918327564832749156169835472754261398681572943427913685395684217
698435127152876394347192658264781935839254761571369482986517243413628579725943816
529761834783954126461283795194578263635129478278436951817395642342617589956842317
614372598957681324328954176176549832892136457435728619583267941241895763769413285
379651284546823917812749563251936478467518392983274651624185739135497826798362145
865274391124359786379861452583617249296485173417932865948523617631798524752146938
817965324492873156536124798685412937723598641941637582268351479379246815154789263
267489153158326479493517628731265894625948317849173265584691732312754986976832541
351246987682975341974813652497158236536429718218637594823561479145792863769384125
398524716725961483146738529473615298852493671961287354214876935639152847587349162
269415837784362951315978624492651378871243569653789142528134796146597283937826415
253768419418259673697431285731924856526813794984675132345182967879546321162397548
964573821372418695815692743748936512159287364236145978627854139481369257593721486
317582694546913728298746513639471852875629341421835976162397485954168237783254169
946382517821579643537164892268741359153698274794253186485936721619827435372415968
625738491493615278871429365548172639712396584936584712267951843184263957359847126
627348591481569327359721684714685239835972416296134875142857963573296148968413752
628953741795412368143687952281394576359761284467825139812536497934178625576249813
683279514192534768745681923368917452517428396429356871234195687971863245856742139
527168943983524716461973852876419235259637184134285697392846571718352469645791328
912483756678951324435276189267835941843619572591742863389564217726198435154327698
658372419412896735397514682734628951981753264526941873169437528275189346843265197
368541279192867435574293618941726853786135942253489761419378526637952184825614397
321869547496715832785324196273498651648153729519276384157982463832641975964537218
319726485245891376876453192457269831638145729921387564793512648564938217182674953
513849672769312485842657139957136824326784951481925367135298746694573218278461593
549763821672518394831249567213857946956431278487926135768192453324685719195374682
458231976391657248267894153982143567173569482546782391829375614634918725715426839
824571369379628145165934782416352897953786421782419653238165974691247538547893216
354168297689372541172594683716439852523681974948257316865743129237915468491826735
246158739573496821918327564832749156169835472754261398681572943427913685395684217
698435127152876394347192658264781935839254761571369482986517243413628579725943816
529761834783954126461283795194578263635129478278436951817395642342617589956842317
614372598957681324328954176176549832892136457435728619583267941241895763769413285
379651284546823917812749563251936478467518392983274651624185739135497826798362145
865274391124359786379861452583617249296485173417932865948523617631798524752146938
817965324492873156536124798685412937723598641941637582268351479379246815154789263
267489153158326479493517628731265894625948317849173265584691732312754986976832541
351246987682975341974813652497158236536429718218637594823561479145792863769384125
398524716725961483146738529473615298852493671961287354214876935639152847587349162
269415837784362951315978624492651378871243569653789142528134796146597283937826415
253768419418259673697431285731924856526813794984675132345182967879546321162397548
964573821372418695815692743748936512159287364236145978627854139481369257593721486
317582694546913728298746513639471852875629341421835976162397485954168237783254169
946382517821579643537164892268741359153698274794253186485936721619827435372415968
625738491493615278871429365548172639712396584936584712267951843184263957359847126
627348591481569327359721684714685239835972416296134875142857963573296148968413752
628953741795412368143687952281394576359761284467825139812536497934178625576249813
683279514192534768745681923368917452517428396429356871234195687971863245856742139
527168943983524716461973852876419235259637184134285697392846571718352469645791328
912483756678951324435276189267835941843619572591742863389564217726198435154327698
658372419412896735397514682734628951981753264526941873169437528275189346843265197
368541279192867435574293618941726853786135942253489761419378526637952184825614397
321869547496715832785324196273498651648153729519276384157982463832641975964537218
319726485245891376876453192457269831638145729921387564793512648564938217182674953
513849672769312485842657139957136824326784951481925367135298746694573218278461593
549763821672518394831249567213857946956431278487926135768192453324685719195374682
458231976391657248267894153982143567173569482546782391829375614634918725715426839
824571369379628145165934782416352897953786421782419653238165974691247538547893216
354168297689372541172594683716439852523681974948257316865743129237915468491826735
246158739573496821918327564832749156169835472754261398681572943427913685395684217
698435127152876394347192658264781935839254761571369482986517243413628579725943816
529761834783954126461283795194578263635129478278436951817395642342617589956842317
614372598957681324328954176176549832892136457435728619583267941241895763769413285
379651284546823917812749563251936478467518392983274651624185739135497826798362145
865274391124359786379861452583617249296485173417932865948523617631798524752146938
817965324492873156536124798685412937723598641941637582268351479379246815154789263
267489153158326479493517628731265894625948317849173265584691732312754986976832541
351246987682975341974813652497158236536429718218637594823561479145792863769384125
398524716725961483146738529473615298852493671961287354214876935639152847587349162
269415837784362951315978624492651378871243569653789142528134796146597283937826415
253768419418259673697431285731924856526813794984675132345182967879546321162397548
964573821372418695815692743748936512159287364236145978627854139481369257593721486
317582694546913728298746513639471852875629341421835976162397485954168237783254169
946382517821579643537164892268741359153698274794253186485936721619827435372415968
625738491493615278871429365548172639712396584936584712267951843184263957359847126
627348591481569327359721684714685239835972416296134875142857963573296148968413752
628953741795412368143687952281394576359761284467825139812536497934178625576249813
683279514192534768745681923368917452517428396429356871234195687971863245856742139
527168943983524716461973852876419235259637184134285697392846571718352469645791328
912483756678951324435276189267835941843619572591742863389564217726198435154327698
658372419412896735397514682734628951981753264526941873169437528275189346843265197
368541279192867435574293618941726853786135942253489761419378526637952184825614397
321869547496715832785324196273498651648153729519276384157982463832641975964537218
319726485245891376876453192457269831638145729921387564793512648564938217182674953
513849672769312485842657139957136824326784951481925367135298746694573218278461593
549763821672518394831249567213857946956431278487926135768192453324685719195374682
458231976391657248267894153982143567173569482546782391829375614634918725715426839
824571369379628145165934782416352897953786421782419653238165974691247538547893216
354168297689372541172594683716439852523681974948257316865743129237915468491826735
246158739573496821918327564832749156169835472754261398681572943427913685395684217
698435127152876394347192658264781935839254761571369482986517243413628579725943816
529761834783954126461283795194578263635129478278436951817395642342617589956842317
614372598957681324328954176176549832892136457435728619583267941241895763769413285
379651284546823917812749563251936478467518392983274651624185739135497826798362145
865274391124359786379861452583617249296485173417932865948523617631798524752146938
817965324492873156536124798685412937723598641941637582268351479379246815154789263
267489153158326479493517628731265894625948317849173265584691732312754986976832541
351246987682975341974813652497158236536429718218637594823561479145792863769384125
398524716725961483146738529473615298852493671961287354214876935639152847587349162
269415837784362951315978624492651378871243569653789142528134796146597283937826415
253768419418259673697431285731924856526813794984675132345182967879546321162397548
964573821372418695815692743748936512159287364236145978627854139481369257593721486
317582694546913728298746513639471852875629341421835976162397485954168237783254169
946382517821579643537164892268741359153698274794253186485936721619827435372415968
625738491493615278871429365548172639712396584936584712267951843184263957359847126
627348591481569327359721684714685239835972416296134875142857963573296148968413752
628953741795412368143687952281394576359761284467825139812536497934178625576249813
683279514192534768745681923368917452517428396429356871234195687971863245856742139
527168943983524716461973852876419235259637184134285697392846571718352469645791328
912483756678951324435276189267835941843619572591742863389564217726198435154327698
658372419412896735397514682734628951981753264526941873169437528275189346843265197
368541279192867435574293618941726853786135942253489761419378526637952184825614397
321869547496715832785324196273498651648153729519276384157982463832641975964537218
319726485245891376876453192457269831638145729921387564793512648564938217182674953
513849672769312485842657139957136824326784951481925367135298746694573218278461593
549763821672518394831249567213857946956431278487926135768192453324685719195374682
458231976391657248267894153982143567173569482546782391829375614634918725715426839
824571369379628145165934782416352897953786421782419653238165974691247538547893216
354168297689372541172594683716439852523681974948257316865743129237915468491826735
246158739573496821918327564832749156169835472754261398681572943427913685395684217
698435127152876394347192658264781935839254761571369482986517243413628579725943816
529761834783954126461283795194578263635129478278436951817395642342617589956842317
614372598957681324328954176176549832892136457435728619583267941241895763769413285
379651284546823917812749563251936478467518392983274651624185739135497826798362145
865274391124359786379861452583617249296485173417932865948523617631798524752146938
817965324492873156536124798685412937723598641941637582268351479379246815154789263
267489153158326479493517628731265894625948317849173265584691732312754986976832541
351246987682975341974813652497158236536429718218637594823561479145792863769384125
398524716725961483146738529473615298852493671961287354214876935639152847587349162
269415837784362951315978624492651378871243569653789142528134796146597283937826415
253768419418259673697431285731924856526813794984675132345182967879546321162397548
964573821372418695815692743748936512159287364236145978627854139481369257593721486
317582694546913728298746513639471852875629341421835976162397485954168237783254169
946382517821579643537164892268741359153698274794253186485936721619827435372415968
625738491493615278871429365548172639712396584936584712267951843184263957359847126
627348591481569327359721684714685239835972416296134875142857963573296148968413752
628953741795412368143687952281394576359761284467825139812536497934178625576249813
683279514192534768745681923368917452517428396429356871234195687971863245856742139
527168943983524716461973852876419235259637184134285697392846571718352469645791328
912483756678951324435276189267835941843619572591742863389564217726198435154327698
658372419412896735397514682734628951981753264526941873169437528275189346843265197
368541279192867435574293618941726853786135942253489761419378526637952184825614397
321869547496715832785324196273498651648153729519276384157982463832641975964537218
319726485245891376876453192457269831638145729921387564793512648564938217182674953
513849672769312485842657139957136824326784951481925367135298746694573218278461593
549763821672518394831249567213857946956431278487926135768192453324685719195374682
458231976391657248267894153982143567173569482546782391829375614634918725715426839
824571369379628145165934782416352897953786421782419653238165974691247538547893216
354168297689372541172594683716439852523681974948257316865743129237915468491826735
246158739573496821918327564832749156169835472754261398681572943427913685395684217
698435127152876394347192658264781935839254761571369482986517243413628579725943816
529761834783954126461283795194578263635129478278436951817395642342617589956842317
614372598957681324328954176176549832892136457435728619583267941241895763769413285
379651284546823917812749563251936478467518392983274651624185739135497826798362145
865274391124359786379861452583617249296485173417932865948523617631798524752146938
817965324492873156536124798685412937723598641941637582268351479379246815154789263
267489153158326479493517628731265894625948317849173265584691732312754986976832541
351246987682975341974813652497158236536429718218637594823561479145792863769384125
398524716725961483146738529473615298852493671961287354214876935639152847587349162
269415837784362951315978624492651378871243569653789142528134796146597283937826415
253768419418259673697431285731924856526813794984675132345182967879546321162397548
964573821372418695815692743748936512159287364236145978627854139481369257593721486
317582694546913728298746513639471852875629341421835976162397485954168237783254169
946382517821579643537164892268741359153698274794253186485936721619827435372415968
625738491493615278871429365548172639712396584936584712267951843184263957359847126
627348591481569327359721684714685239835972416296134875142857963573296148968413752
628953741795412368143687952281394576359761284467825139812536497934178625576249813
683279514192534768745681923368917452517428396429356871234195687971863245856742139
527168943983524716461973852876419235259637184134285697392846571718352469645791328
912483756678951324435276189267835941843619572591742863389564217726198435154327698
658372419412896735397514682734628951981753264526941873169437528275189346843265197
368541279192867435574293618941726853786135942253489761419378526637952184825614397
321869547496715832785324196273498651648153729519276384157982463832641975964537218
319726485245891376876453192457269831638145729921387564793512648564938217182674953
513849672769312485842657139957136824326784951481925367135298746694573218278461593
549763821672518394831249567213857946956431278487926135768192453324685719195374682
458231976391657248267894153982143567173569482546782391829375614634918725715426839
824571369379628145165934782416352897953786421782419653238165974691247538547893216
354168297689372541172594683716439852523681974948257316865743129237915468491826735
246158739573496821918327564832749156169835472754261398681572943427913685395684217
698435127152876394347192658264781935839254761571369482986517243413628579725943816
529761834783954126461283795194578263635129478278436951817395642342617589956842317
614372598957681324328954176176549832892136457435728619583267941241895763769413285
379651284546823917812749563251936478467518392983274651624185739135497826798362145
865274391124359786379861452583617249296485173417932865948523617631798524752146938
817965324492873156536124798685412937723598641941637582268351479379246815154789263
267489153158326479493517628731265894625948317849173265584691732312754986976832541
351246987682975341974813652497158236536429718218637594823561479145792863769384125
398524716725961483146738529473615298852493671961287354214876935639152847587349162
269415837784362951315978624492651378871243569653789142528134796146597283937826415
253768419418259673697431285731924856526813794984675132345182967879546321162397548
964573821372418695815692743748936512159287364236145978627854139481369257593721486
317582694546913728298746513639471852875629341421835976162397485954168237783254169
946382517821579643537164892268741359153698274794253186485936721619827435372415968
625738491493615278871429365548172639712396584936584712267951843184263957359847126
627348591481569327359721684714685239835972416296134875142857963573296148968413752
628953741795412368143687952281394576359761284467825139812536497934178625576249813
683279514192534768745681923368917452517428396429356871234195687971863245856742139
527168943983524716461973852876419235259637184134285697392846571718352469645791328
912483756678951324435276189267835941843619572591742863389564217726198435154327698
658372419412896735397514682734628951981753264526941873169437528275189346843265197
368541279192867435574293618941726853786135942253489761419378526637952184825614397
321869547496715832785324196273498651648153729519276384157982463832641975964537218
319726485245891376876453192457269831638145729921387564793512648564938217182674953
457826139629314587831597426246751398195683274783249651374962815918435762562178943
746819523258376941193524876562738194437951268819462357924187635371695482685243719
861943275735126948492578631658431729127689354349257816914762583286315497573894162
645293817937185624128647359296731548583426791714859236869512473372964185451378962
732591468169784235485236719651849327973612854824357691397128546218465973546973182
761238459924765183835194726192687534586341297473952618219876345658413972347529861
167328594948765312532419678386951247421837956795642831853176429219584763674293185
734516289816294573925387416493875621658129734172643958561432897289761345347958162
978531642125476839436928157512869374894357216367214598681743925753692481249185763
152398674863274591497156823248763915631945287579821436714582369385619742926437158
642351978598746132713289564136895247984127653275634891827563419359412786461978325
589427631763851294412396578927135486856249317134678952348512769675984123291763845
345219687216578394798634521152793846679485213483162759827341965931856472564927138
714658329329417658568329714497536182651782943832941567283175496146893275975264831
712546839359821674648379512961285347587493261234617958826134795495762183173958426
358724619649815327712936548863192475124573896975648231287351964496287153531469782
849753612351462789672891435237948156198625374564317928413289567786534291925176843
189462537674538129235791684742683915596214378813957462451826793968375241327149856
653172984814935627972468351798624135261853749345719862586291473137546298429387516
291345786875916234463827159912734568638592417754681923346159872127468395589273641
518726934462593781397814256834675192179382645625149873751238469243967518986451327
745139628869542731132867945258476193674913582913258476327691854486725319591384267
158472396672893145439561872794186523586327419213945768361759284947238651825614937
284531796136749528759268314423815967698327145571694832915476283862153479347982651
341265978265879341978314526197423865682951437534687219813546792759132684426798153
643782195927451386851693724175829643482367951396145872519276438264938517738514269
256134978813972465497856321384715296925463817671289534539641782148327659762598143
489123675235697814761548329574862193398751462612934587826475931153289746947316258
479612358625834197183957462837296514562471983914583276358729641741365829296148735
923485176486197325715236498897543612231768954564921837142879563358612749679354281
875164923963528471124397865432976158718235649596841237347619582259483716681752394
742689315639751482158324796387265941421938567965417823513846279876592134294173658
318526947542987163769413528487359612125864739693172485251748396976231854834695271
163792584825416973749385612597824136384961257612537498456173829278659341931248765
592638714671425839348197265235964187486371952917582643763859421824713596159246378
834157629796243185152896374218375496367429518945681237681934752479512863523768941
463975182189326745572481369824537916936812574751694238247158693318269457695743821
432598617697142538851376942348729156175634829926851473789413265564287391213965784
594873216382691745716425893458917632239586174671234589147352968965148327823769451
954723816863451792172869354536912487297384561481675239645298173319547628728136945
146523879327819456895467123951284367463795218278136594584972631732641985619358742
598267143271394685436518927187652394352749861649831572864175239913426758725983416
648719253152364987739528164376295418425871639981436572597682341814953726263147895
596817342413526798728943156675239814289461537341785269137698425954372681862154973
475138269918526473326974851234657198789341625561289347653712984897463512142895736
346219785218765439975834261694587312532146978187392654459678123723451896861923547
632987154895143726417256938346821597721569843958734261274398615583612479169475382
698235147437819652512764938841692573765341289329578461286957314173426895954183726
435621897168957423729348516596472381384519762271836954842193675657284139913765248
281963754735412689469857321158726493346591872972384516824135967697248135513679248
462781593938542167157963842815239476623478915749615328284157639391826754576394281
415638279389752146276149853957284361132967584648513927824371695593426718761895432
156472938427938156938165247312647589569381472874259361781593624243716895695824713
182746395943512687567938124321874956458269731796351842874123569219685473635497218
945823617163947258872561943634158792281679435597432186426315879758294361319786524
432985617569271384187436295794168523825743961613592478941327856356819742278654139
715342698934768251268915374649827513872531946153694782586173429491256837327489165
172548396639217854845396217481729563296853741357164928528631479963475182714982635
531624897468739152729581436815396274246875913397412685172943568684157329953268741
152649837684713925793285461821576394947831256536492178365124789218967543479358612
178324596629815734435976218716459382983267145542183679897532461351648927264791853
293417685671598423845362179318925764527643918469871532986734251134256897752189346
716248953823519647954673821642851379381792564597436182435967218279185436168324795
348791256217546389965832174679213845182465937453978612591327468726184593834659721
845736912392841567617952834168493275734625189259178346526384791473219658981567423
739628541645139287182754396496573812871296435253841679524317968967485123318962754
781345296536792481294861357328654179679213548415978623862437915143589762957126834
973145682865732941412968357596321874721894536384576219639487125257613498148259763
852674913437591682169832574296758431574316829318429756941287365725963148683145297
527431986936287451148569237695824713483715629271396548762158394314972865859643172
926418375748325169135796824461973258572681943893254716259847631617539482384162597
769285341315749628482136759698423175231578496574691832857964213146352987923817564
597842163648315792312697485769284351253961874481573629974128536836459217125736948
298473615413652897576198234965317482127584963384926751852761349731849526649235178
927865413136942587458713296895137642271694358643258179584329761712586934369471825
985146237431278956726593841364829175219357684578614329197432568842965713653781492
168235974752489361439716258246198537893572416571643892384967125615324789927851643
581934267342167985976582431629758143154326879837419526493275618765841392218693754
631249758582763941479581632748312569315976824296854173823695417167438295954127386
389124657152736894647598132736452981498613275521879463265947318974381526813265749
847532916635491728192876435723168594984725163516349287468217359351984672279653841
795841362234796581618253749159638274387412695462975138923564817871329456546187923
865749231324168795791325486157892643682413579439657812516974328973286154248531967
293648157158273469476159328732486591615927843984315276341792685569834712827561934
125489637846732951397516284462157398513928746789643512638294175254371869971865423
462715938139468752785923164654892317321647589978531246813276495296354871547189623
539246178724183695168957423687392514493615782215874936341529867976438251852761349
432869157695174283781253649167345892249781536358692471823517964574926318916438725
329817564175462983864593127432751698587629341916384275298175436653248719741936852
517943286638127954249865173456712839172389645893456712325678491761594328984231567
918547623642389175537621894751498362324176958896235741163952487289714536475863219
432176589916258473578934621249861357381597246657423918765382194894615732123749865
864735219739142658152896734316254897478619325295387146527963481641528973983471562
397241586218567439465938127153829674826475391974316852732154968549682713681793245
394856127275134689168927354652418973841793265937562841413285796526379418789641532
914532786385671429726984135648319572237845961159726348593267814472158693861493257
931257468865914732472368591146839257283576914597142386719483625628795143354621879
198257436624139875753684192246791583987345261531826749862413957315978624479562318
653487129728391564914526387461853972839712456572649813386975241195264738247138695
916485723453927618278631945632859174841762539795143286329518467584276391167394852
382679514945281367617435829724816953839527641156943782478352196591764238263198475
968372145142895763753164928476218359391546872825937614684759231237481596519623487
934278651852961374671534892249813765518697243763425189125746938496382517387159426
915782463483961752267354819731495286659823174824617395172549638396278541548136927
831794526564321798792865341946258173215673489378419265489537612123946857657182934
192843567765219834438756219587932146213467958649581723974325681826174395351698472
382796451759413628641852937597281364163945782428637519234578196916324875875169243
362197548495826137871345269657914382243678951189532476924783615538261794716459823
957348261628591374341762985185974632436825719792613458263159847819437526574286193
316487592547923861928165734679251348234678915851349276485736129163892457792514683
913765428485239617276841359321978546768524193594613872639457281852196734147382965
318742965247695138659183742571328496826974351934516827483251679192467583765839214
685347912431289756927561384174693825259874631368125479596732148742918563813456297
642597318983412576157836942294358761368271495715649283829763154476125839531984627
984251367265937148713684295496375812827196453351428976542713689638549721179862534
412563789965478321387129654248651937139287465756394218891732546673845192524916873
978432615532619874416587329687324591359178246124965783791253468865741932243896157
531627849278493615694851273753216984982534167416978352869742531145389726327165498
432158679968347215175926834816279453527634198349815726681592347254783961793461582
632157894915684372748293165281465937364978251579321486127539648896742513453816729
179248563346795128582136947895613472231574896467982315918367254653421789724859631
256793481419658237378421695537142968961837524824965713192374856643589172785216349
396754182125683749487912563962178435741365298538429671874231956259846317613597824
741685293629371854835249671274198536916523748583467912458736129162954387397812465
597643218486172593123859476214368957875294631369715824948531762632987145751426389
894675132613892457572314968289431576135786249746259813927143685458967321361528794
498671235615423897237958614176389542354217968829564173983145726742896351561732489
347285916516394827982671534673158249829437165154962783498526371265713498731849652
587463129236159478149278563362741985875392641914586237751824396628935714493617852
314256798967384152258971364576493281143862975829715436481537629792648513635129847
695748132814263579732195684389416725541372968267589413473851296126934857958627341
186543729732968451549127386415782693293615847867439215924356178678291534351874962
398124675576389421412756398123547869985263147764891532831472956259638714647915283
587291346619453287234768951891536724762849135453172698145327869928614573376985412
193764852265189374487235619671842935924356187538917426712493568359628741846571293
756429831394817526821635497179543682635782149248196375967354218482961753513278964
846935172931827456572614389294571638713286945658493721329768514165342897487159263
269435718871962543543781926196873254785294631324516897657149382918327465432658179
576419328982763145314582679123976584857341296469825713238697451641258937795134862
658712943243569817197438652514973268376285491829146375481397526965821734732654189
184296573729354681536781249861943725372568194945127836293815467418679352657432918
146932785938657214752814369463598172291746538587123496375269841624381957819475623
862345917537291468419687532958723146621458379374169285293874651186532794745916823
736918542981425673425367891198746325673582914254193768819634257347259186562871439
245387196196254837783961254612543789458796321379128645527639418831475962964812573
457318269369724158812965374274659813198237546536481792721846935943572681685193427
537214986824769531619853274158947362293586417746132859975628143382471695461395728
549287631732615489168439572416328957253974816987156243671842395895763124324591768
976543218184927365325186479769832154238451697451679823542768931893215746617394582
415396278628741593937825164374518629562479831189263457891657342746132985253984716
526348971748195263931276845274583196893614752615927384182459637359761428467832519
173694528264538179985721634431267895792845361658319247816973452347152986529486713
946725138237186594158934672615847923729653481483219765594378216362591847871462359
749365218285914637136872945613597482528143796974286351492658173357421869861739524
214865973675293148839147625968471352451328769723659814547936281196582437382714596
869547231425193876371862945284916357653478129197235684918724563546389712732651498
921356874385147692746298351897521463412963785653874219539682147264715938178439526
839261754417385926625497813152943687378612549964758231596834172741529368283176495
472135869561948273398672415146283597857496321239517648725861934614359782983724156
487526193263917584195834726832451967671398452954672318318245679529763841746189235
682491357597236148341785962913524786465178239728963514176342895234859671859617423
934785126856291473217634958569872314421953867378416295683529741742168539195347682
365749128847251693912836754579312486286974531134568972791623845453187269628495317
793624815264158973158937462547891236832576149916243587375489621689312754421765398
524361789197852634638497251719234865843516927256789143381925476975648312462173598
658917342371284569429536187865421793213798654947653218796345821134862975582179436
642983715519472368387615492935246187821597643764831529156329874493768251278154936
253847691791256438846931572918462357637518924524379816462795183385124769179683245
613587942795243168428169735261358497547921386389674521954816273872435619136792854
698347152531296874472815936245973681163458729789621345926734518354189267817562493
394578621761293845825164379643987512517632498289451763156849237978326154432715986
465927183918643572237518649823154796594762831671389425752436918189275364346891257
546329187827615394139784256671458923952137648483962571394276815718593462265841739
217356984836924715594718632962843571341675298785291346653189427179462853428537169
783452169951637248642891537316984752495723816278516493569248371834179625127365984
298136574473895126651724389387941652529678413146253897832419765714562938965387241
348625917592718364167394528985431276213867495476259831651942783739586142824173659
392816745186745239754392681839621574275489316461537892523974168918263457647158923
236149578147825369859367124782951436461238957395674812628413795514796283973582641
836512947754693182192748356641275839583961274279384615367859421918427563425136798
218569734546387912379412856937825461485136297621974385163248579754693128892751643
984253617675198423123764859537689142298541736416372598349817265862435971751926384
764938512253416879891725436126389754948657123375241698532164987419873265687592341
417582369598613472623749158281936745764251983935478621379824516846195237152367894
739854261165239487842617539927348156683571942451926873514762398278493615396185724
937248516265371489184659723371592648528164937496783251642817395713925864859436172
294658731563471289871239645749365128158942367632817594487126953916583472325794816
235498167769135482481672395354781629176924538892563741628357914543219876917846253
935786214671524839824391675456837921283149756719265348592613487367458192148972563
643297815179538246825146793564329178937815462281764359718952634452673981396481527
631582947597463128482719365124956783853147692976238451218394576369875214745621839
748921536362745819195638427587214693236879145914356782823467951659182374471593268
549721386268354719137986245976432851823519674415867932654273198782195463391648527
946173825571628943832594176324865719789231654165749238413987562297356481658412397
694517283731829465285346197926753841473182956158964372549271638862435719317698524
412389657768415239935267148827194563651732894349658721176543982584921376293876415
187643295564129738239578461678291543341756982952834617793485126415362879826917354
915687342728934165436521897364278519259163784871495236693852471182746953547319628
138964752526783491497125836243596187765841923819372564952437618384619275671258349
794613825583724169126985347342859716651372498978461532437596281819237654265148973
371598264569472831248163795937685142184329576652741983896254317423917658715836429
273458169569132487481976523614827935358691274927543816192765348846319752735284691
538294617912768453674315982346582791127439865895176324261847539759623148483951276
348617952152394786679852134823169547514273869796485213985736421267541398431928675
273451968859367421164892357416579832927183645538624179345718296682935714791246583
219438657576129438483657219162873945845916372937245186391782564658394721724561893
246931578375824691891567423987246135514793286623158749468312957752689314139475862
845197623623845179791632485934281567562379841187564932218756394379418256456923718
786294135245316897193785246621843579874952361359671428917428653562139784438567912
928746351561283479473915628614538792397621845285479136156394287842157963739862514
238567419957814263641239758395648127762195834184723695823451976419376582576982341
823159647769284513145763892497612358638597421512438976276345189951826734384971265
452316987697458213831927465328549176146872539579163842764285391915634728283791654
724863159319547826856291347678459213235618974941732568462985731197326485583174692
168527349235946871974138256613879425892354617547261938359612784426785193781493562
325461978184297365796538214619345782573182649842679531457823196961754823238916457
863459217241867593975132684698314725357928461124576839736295148589641372412783956
168924735249375681735618249651497823472183596893256174384562917926741358517839462
754839261196472358832561974268794135547318692319625487685143729423957816971286543
546781329387925146129436578463518297218397465975264831652873914794152683831649752
923614785571328496648759321487135269392846157156297843719462538864573912235981674
432589176719462385658713492924175863576398214381624759863251947147936528295847631
481539267279416538365782149542863971936127485817945623124358796693271854758694312
721495386596387214843261597652943871437812965189576423965138742318724659274659138
594186273687325194321497658852631947943872561176549382268914735415763829739258416
938641752267598341145723896689375214453812967712469538571234689324986175896157423
873126594152493678469875312541289736928637145637514289216348957394752861785961423
637451289192783645485962317319274856524836971876195432951328764268547193743619528
239758641174326859865149237543687192692415783781932564358274916917863425426591378
736852914192437658485169273678341592251698347349275861827516439964723185513984726
167485239239176458485392176678549312592613784341827965926751843813264597754938621
917532864453876129682149753769321485245968371831457296128693547394785612576214938
529687413417359286683412597752931648836745129194826735365294871941578362278163954
963274815274185693815639742629457138487913256531826479796542381358761924142398567
869752134541638729237149685983576412624981357715423968356294871478315296192867543
653412897491867352728359164539241786862573419147986523386725941275194638914638275
821649735695713824374825916987364152453271698216958347739482561562197483148536279
187243956692578134543691287871369425965824713234157698729485361356712849418936572
748652139296143785351978624625397418984261357137584962819735246463829571572416893
385214976279568431164973825593782614826451793417639582731845269642197358958326147
136945278579821634824763195761492583293578461485316729317659842658234917942187356
341587296827963415965241378298134567473659182516728934689412753732895641154376829
937624581246851793581973462459287316762135849813496257624718935195342678378569124
475813692893462517612795483734281956156934728289657134961348275347529861528176349
854367291167928354293154687716835429935472816482691735529743168671289543348516972
593871624826543791417692538284356179369217485175984263731468952652139847948725316
741986532623145987598237614874521396136498725259673841917362458362854179485719263
176539482854276319392418657217645893538921764649387125785193246923864571461752938
852671439749583126361294875128467953974325681635918247496732518517846392283159764
871236495295847613463591728184623579357419286926785134549178362732964851618352947
694852731728631945315974286263418597459267813871593624536129478142786359987345162
281965347574132896369784512192578463743619285856243971927851634415396728638427159
476582139239416578815739624768951342194327856523864917987143265651278493342695781
169834275285179463347526189796483512421795638853612947934268751572341896618957324
426185739871934265395627148154892376732456981968371452247518693513769824689243517
865231749241987536937564182629148375758396421314752968592873614483619257176425893
691743258385126974427985163256897431139564827874312596962438715718659342543271689
867539241195247863342186957574893126628451379913672584489365712751924638236718495
896372415547961328231458697478695132962183754153247986719826543385714269624539871
179568324423179865586243971841396257235417698967825413394651782712984536658732149
213948756459617238786523149174296385932485617568731924647152893391874562825369471
729543861416782359583196247972861534164935728358427196895314672647258913231679485
839147526514628973762359841648591237173286495295473168356912784427835619981764352
913724586267358194584619723645981372391247658872563419426875931159432867738196245
295378164174562839863149275749213658386457921521986743938624517412795386657831492
931785246865234971274619835389167452516428397742953618697841523423576189158392764
489672351623145798517893462956237814834561279271984635142356987768419523395728146
149283765576194823283756419854367192637912548912845376498631257325479681761528934
578491326694523817132867495843159672215678934769342158387214569426935781951786243
834297516297156384156348729378921465521463978649875231712584693985632147463719852
152743896684159723973286451315867249748912635296435187567324918431698572829571364
251367498793482615846195273964273851127854369538916742489731526612548937375629184
589347612432156789167982354241698573796523841853471296924735168678214935315869427
149528736357416928862937514271843695694275381583169247928654173436791852715382469
528769134437158629169423857713842596254691378986537241672985413341276985895314762
756834129182965347943127658524679831391248576867351294238796415675412983419583762
728435196536129874149867532961384257853972461472516983317258649695741328284693715
219647538486532791357189642795421386821763954634958127572314869968275413143896275
376258194924317586815964327742139658689425713531876942293681475158743269467592831
876493512312765489954182376539216847468379125127548963243857691791634258685921734
184275639539846127267913845795431268821569473643728591478192356352687914916354782
418793526957286413326541798291634875874925631563817942689172354135469287742358169
537819246946572381281634597159427638628395174374186952713258469495761823862943715
467258913291437856583961742879512364132846597654793281345179628926384175718625439
526134798318579264497286513741923685983765421265841937832657149154392876679418352
857162934913475682264938175342751896578693241196284357681347529739526418425819763
423871695719563428685249173258637914374195862961482537136758249547926381892314756
782519436549376812136284597498623175357148629261957348623495781815732964974861253
864715932925364718713829465651293847287546391439178256198457623342681579576932184
925764831376821954814935267632457189598216743741398526189543672467182395253679418
297846315481537692356219487843795126762183954519624738974358261625971843138462579
419657283875329164362148597926834715743516928158792436281473659697285341534961872
173692854456318297892547163341925678287436519569781432628173945714859326935264781
147265389895371642362498751739654218284719563516823497423186975651937824978542136
945328671281765934367491528839172465714956382526834719178543296653289147492617853
816375294349821567725469138954732816283146759671598342597214683162983475438657921
438765291256193874197824365713652948924318657685947123349271586561489732872536419
563917824128543769794268513251389476489756231637421985376894152912675348845132697
978153426312649875546278193765382914184597632239461758823916547651734289497825361
784293615261475398395681724846712953937856142512934867478569231129348576653127489
243185967765493182198276435937524618812637549654918273326749851489351726571862394
127365948549871623638942571761594832854623719293718465475139286386257194912486357
895621374213487695467935821972356148541879263386142759754218936628593417139764582
134685729258739416769421853417298635692357184385164972876542391541973268923816547
329578641468291537751436892174629358586347219932815764617983425295764183843152976
852439617173256498946871253398542761725613849461987325639128574284795136517364982
734965182689124735152837694278549361965381427413276958541692873897453216326718549
932748561745136298816952437173529846594867123268314975659283714387491652421675389
342176895961538274587249631419657382725813469836492157694325718178964523253781946
983451267456297318127368459745982631639145782812736945564879123391524876278613594
643582197725913864918764532287396415196457328354821679831249756472635981569178243
941725683287643519635189427816394752573261948492857361154938276729516834368472195
645139827317682954829475613761594382958723461432861795596247138284316579173958246
698732514327415869514968327245179638839546271176283495963857142482391756751624983
823147965975862134461593278596324781248715693317986542154678329789231456632459817
412758396673129845859634127946581732235476918781392564167843259328965471594217683
134528679589746123762913845843192567216375498957684231698231754475869312321457986
413295768697814532258673194961742853825136479734958216542361987389527641176489325
863759241742138569195462783279685134618324975534917826457893612326571498981246357
315628947674519382928743561162835479847296135593471628236157894459382716781964253
986471253123958467745263891832197645617542389594836172478319526359624718261785934
958124376624537918731986425385769142176842539249315867412658793893271654567493281
269718345578349162413652879827163594341925687956487231684571923132894756795236418
543281697896734251172965834265143978417829563389576412754612389928357146631498725
234597186786231459591648237642319578973485612815726943457963821368152794129874365
671835429398426157524197638836974512419258376257613984743562891985741263162389745
543276198617849532829135674295684713761352489438917256984761325152493867376528941
237581649954672318186493275798316452543728961621954783865249137479135826312867594
923681547867459321451372698682745913394168275715923864549816732276534189138297456
839241675716859342524376891462713589985462137173985426291638754648527913357194268
347169528219857634568243197156934872483672915792581346925418763871326459634795281
356821794129374586847596123495263871281745369763918452932187645618452937574639218
718629543596314278423875691247536189931287456685941732169758324354192867872463915
142763985956428317783159426514937268679281543328546179861392754437615892295874631
362195487457862193891437526943671852718524369526389741234756918179248635685913274
198624537347518692562937184873196245621453879459782316214375968986241753735869421
896743512752196483413852697964538271521974836378261954187629345249315768635487129
946172583578439126231856497859247631462913875713685249627594318194368752385721964
549137628723864915861295743476381259912756834385942167638519472157428396294673581
964128375138765942725439816651972483497683521382514697819357264273846159546291738
723865194645219837819437256962384571534671928187952463296748315471523689358196742
572943186694851327138726495721569834986432751453187269849315672215678943367294518
521648793943257618768913425437582169615379284289164357174825936896431572352796841
364589217578321649921746538195634872682175394437298156759812463246953781813467925
257183694816495237349627518581736429694512783723849165432951876175368942968274351
289714635643589172175623849864372591591468327327195486412857963936241758758936214
794582163586139274132746958845913627621478395379265841267851439413697582958324716
752438916694251738183976245936524871825167394471389562249813657517692483368745129
718529634654831297932674185467382519381945762295167843529418376146753928873296451
136947285924583761758612394813256479492731856675894123367425918281369547549178632
412537968983146752756829431247318695831695274695274813529463187364781529178952346
126538479873149562549762381357496218612853947498217635284675193731924856965381724
891273456542896713367154289928647531413582697756931842179465328235718964684329175
267814935153972684489653172598461327321587469746329851674298513832145796915736248
695283741347691285182475369263817954479526813518934672754362198826149537931758426
357241869684579321291863457728416593543982176916357248469128735872635914135794682
589267134463591287271384569125649873347128956896753412714935628638412795952876341
481973625653428197792156843869731254174582936325694781538217469947865312216349578
295416387467385129183279564621543978958762431374198256836921745712654893549837612
695218347271345698843796521487951263126834975359672184562483719738169452914527836
936521847421789635857346129783154296612938754549267318398472561165893472274615983
319578426872164359645239817786915243934782561521346798457693182198427635263851974
152948673976513824843627159285471936619352748734869215567294381428136597391785462
478695132291837465653124897742918653839456721516273984365749218924381576187562349
459128637623947185187365249891432576572896413346751892935284761768519324214673958
791648523385729641264315987658291374417583269923476815132964758546837192879152436
823567491641983725579421368486279513352146879917358642765812934234795186198634257
139524687265978413748163925871246359692351748354789261416837592923415876587692134
157924683932867154684531972476193825315682497298745361763459218549218736821376549
586729431721384659394651872918546327237918564465237198173895246642173985859462713
876523194529614783341789256183462579692875431457391628264937815915248367738156942
758623914214798536963451782196832475482579163537146298629315847345987621871264359
347159628821764593956283471569871234783942156412635789278496315134528967695317842
864579312392461857715283496456927183137658924928134765289345671673812549541796238
624351798371894256859672134492763581765128349138549627546287913283916475917435862
316529874792438651854761293263187549485392167971645328527913486148276935639854712
561978432834526197792431865375894216428617953619253784147369528953782641286145379
278496153563871492941325786382754619759612834614983275196237548435168927827549361
845397162371624985269851473198542637624783591537916824982175346713469258456238719
245837961613459728798162435964378512321594687587621394859713246436285179172946853
217843659986257341354196728862574913741938265593621487138469572675312894429785136
723198546586342917149675823695287134271439685438561279867924351352716498914853762
679253148543816927812479563394561872725984316168327495256198734481732659937645281
925348617147296538836715942359684721764129385281573496698452173413867259572931864
612894537735162498984753162167945283523678941498231675856427319241389756379516824
981243657674915382253786194136459728425837961897162435362574819719328546548691273
918452763275638491643179258391245876487961532526783149854316927139527684762894315
859134627471692835236785419685321974793468152124957368342519786968273541517846293
286519374957243681431786259872954136695321847143867592568492713724135968319678425
691843752754162983328597416963285174875314629412679835546738291289451367137926548
217439568958167324364285971783952146546718239129643785692871453475396812831524697
215493687786215439439876251973164825568927314124538796697381542341652978852749163
347152896296348157185697423572463918839521674461789235958234761723816549614975382
618974352792538416435126897973461528854792163261853749586247931347619285129385674
378962145946815372512374968183726594659481723427539816865147239291653487734298651
953871624261534987847692531172349856584726319639158742728463195415987263396215478
196853274432796158785412963324569781961287345578341629647138592253974816819625437
452738691138926547769154823583271469276493185914865372691342758325687914847519236
965328147741596832823147956154873269697251384382469715539612478216784593478935621
298457361564183297317296548139745682725861934486932715842679153951328476673514829
541872639296435718783691245179548326654723891328169457967254183832916574415387962
179432586842675193365891472253748961617529834498316725931257648584963217726184359
498617352537289614621345789184973265253468197976521843815734926742896531369152478
619457238372189645458263197827395416945612873136874952781936524564721389293548761
137689524652374981849512673476825319523196748918743256285961437794238165361457892
523176498918342756764598312249615837351487269876239145635821974492753681187964523
943158726157264389628793514765832941891647253432915867374521698586479132219386475
673584192182397654459126378315849726928763415746251839297418563534672981861935247
318654297529371486764829153971248635436597821852163749683415972195782364247936518
139748526856921473472653981627134859948265317513897642285316794761489235394572168
693715824487629513125834679916452738354978261872361495249187356738596142561243987
271394856864512937593867412326941578987253641415678329632785194158429763749136285
763129584814375629295846713147982356986534271532761498679458132451293867328617945
352764891841329576967815423615298734238147659794536182473682915189453267526971348
239854716781326594654917238548732961163495872972681345817263459496578123325149687
974381562613245987582976143329168754865794321741532896436819275297453618158627439
387142596914685327526379481278594613165823749439761258851436972642917835793258164
716249385943856712852371694564718239137592846298634571425187963671923458389465127
185293647423768195697154283852417369349826751761539824278941536534672918916385472
146352897792486153583791624375269418469138275821574936934825761658917342217643589
815769234647832195923415876784693521562174389139258467298547613356921748471386952
835124967912867435746593128451639872273418659698275341569741283184352796327986514
973258614526471983841639572437982165198564327652317849264195738715843296389726451
423957681587612493916384725749825136351496278862731954295143867178569342634278519
136549287829371546745682913597268134683154792412937658371496825964825371258713469
215739468837462951946158237324671895168395724579824316782916543693547182451283679
582346179739518426461279835253491768674852391198637542846123957925784613317965284
941582367628793415573614829867329154432157698159846273215938746396471582784265931
415276893273489165896351724542937681689145237137862549351624978924718356768593412
369187542524369178781245639236951487847632915195478263978514326612893754453726891
472985136538614972691732548965847321813529764724163895256391487189476253347258619
547293681136458279829167534954381762768925413312674895681549327473812956295736148
529837416836214975417596238274981653965723184381465792798342561652178349143659827
462379581189542376357816942236497158715268439948135267824751693673924815591683724
749285613312469857856731924427813569165972438983546271674128395291354786538697142
854619237673284195219735846765923481138457629942168753426391578597846312381572964
628791354459638217137254896741923568385176429962485731574319682816542973293867145
935421876628537941174968523349185267852674319716293485493712658581346792267859134
348952617517463829296781435935124768624378951871695342752836194183549276469217583
561394872982567431473821659734289165698135247215746398849672513357418926126953784
972381456518426397634975281169847532325619748487532169243198675851764923796253814
315427986927186345864953721496278513153649278782315469248591637679832154531764892
862953174319847256754621983635289417197435628428176395576312849981564732243798561
652387941819425367347619258734568192168792534925134786293876415476951823581243679
846395721317824569592671834231746985674589312958213647789432156463157298125968473
624387951853194762179256384546932817281475639937861425462718593315649278798523146
179542386584316729362978145831695472927134658456287913793821564618459237245763891
294831657835697214761542983482975361913268745657314829178423596549786132326159478
514687329239514876687392451978246135165739284423158967392475618851963742746821593
235741869497568231861329457514297683672483195389615742943872516126954378758136924
982634157671958423543172689364891572129765348857423916435289761296517834718346295
589167432467239581231548679352974816798612345614385927126893754875426193943751268
751943682634728915892165743985437126213596874476812359547389261328651497169274538
873162459692475318514983762168397245745216983329548176937851624481629537256734891
567392841821465973934781625185627394346958712792143586218539467459276138673814259
679281354215463879384975216591348627462597138837126945956732481728614593143859762
763519842981427635542386971457892163396741258218635794125963487634278519879154326
253841796947563128816972543672194385189735462534628971328419657465387219791256834
674815923591273846283946175158392764367458219429761358846137592912584637735629481
126935874794168325583427169645713298972586413318249756439672581867351942251894637
342175689697384251851296374264537198583961742179842563428753916915628437736419825
746821395953674812218935647862397154539142768471568239387419526124756983695283471
194352678576198243328764159953817462812649537647235891731426985485971326269583714
174586293829437561536291784312875649985624137647913825468759312251348976793162458
381925476675134982492687513516398724729451638843762195137246859254879361968513247
365742918741968235892531764176294583984356172253187496618429357529873641437615829
318974265692385714475126389927841653584763192136592847253418976869257431741639528
169872543237549186854631279713458692425196837986723415678915324341267958592384761
876351429195427836234689751347165982968243175512978364789512643623794518451836297
357692814918437625264851973895263147643718259172549368429185736581376492736924581
238479165571368249496512378167983452924651783385724916613897524842135697759246831
137289456496571283285634791951342867362758149874196325648913572719825634523467918
284613597716549832359287416563198274492735681871462359127856943638974125945321768
372156489591438627486297351653914278729865134814372965138729546267541893945683712
397864125842157369156293748719645832624381957538972614271439586485716293963528471
176842395439715826285693741354976182962138574718254963847361259621589437593427618
271984563439265187685137294327618945146592378958473621814329756762851439593746812
679541823458239761231678945524893176867124359913756284182365497796412538345987612
436287915952413768871659243618932457527146839349578621183764592794325186265891374
239168475467259813815743926128936547743521698596874231382697154654312789971485362
197563482452879631863142597624731958571984326389256174248695713916327845735418269
285743169471986325693251847528614973736529481149837256864195732317462598952378614
746892513859143627231576498415689372962437185387215946574968231698321754123754869
298745361364189725157623984681432597479561238523978146815394672732816459946257813
534812679618749325972365418493176852751284936826953741149627583385491267267538194
179632548864597132253184967412759386685321479397468215921846753736915824548273691
651342798382795416794681523437816259265973841819254367543167982976428135128539674
485732691693415872127869543871924365246573918539681724754198236912356487368247159
697534821312876954845921673129387546536492187784615239463158792251749368978263415
791463285465872913328519674657981342214357869983246751549728136836195427172634598
325148769174269385698537421583672194219485673746391258851724936937816542462953817
347296185965814327182573649296148753574362891813957462639421578428735916751689234
712589364685437219439162578543916827198723645276854193324695781951278436867341952
428561379731294865956378142612985734574132698389647251867429513245713986193856427
697348251234165978815972346756423189182759634943681725461837592579214863328596417
726385149354129876918674325867942531145837692293516487631298754579463218482751963
817594263659823147342671958584967312261438579793152684135789426428316795976245831
847526193932741865165938247258163974674859321319274658526317489783492516491685732
925346718183752694764891523839624157647518932251937486576289341318465279492173865
957643821342815769681729345173584692294167538568932417839471256725396184416258973
345162897679583421182749635836925174251478369794631258417296583928354716563817942
517684329892531467346792518723845196168379254954126873675413982489257631231968745
854291763371856294269374185635127849928645317417938652782419536143562978596783421
684153972537289614192647538726318495941562783358974261279431856463895127815726349
856923471712584369394167852938652147561749283427318695679831524283495716145276938
172369458598472361364518297643857912759124836281936574827695143415783629936241785
635184297271593846498726531542618379367259184819437652123945768956872413784361925
612354798759681324438729516587413269361592847924876153245937681893165472176248935
327968154849135276651724398276813549493657812518249763962581437735492681184376925
923158674746923185851746932415872396379615248682394517198267453234589761567431829
654281973137459268982673451298165734763942815415738692379524186541896327826317549
486251937712693548953487612891764325567328491324915786278549163145836279639172854
186345927473926185529781634392468571645173298817259346951834762734612859268597413
831976425947215638625384971369721854254698713178453269783142596512869347496537182
913725486847163925625849731476291853198356247532487619789512364354678192261934578
852639471341827569796154238917243685483561792625978143578316924234795816169482357
981234657276518349354679128517963284639482571842157963465891732798325416123746895
514396278623478195987125346739654821146832759258917634895763412471289563362541987
523176849194358726678924513982761354367845192451239678746582931239617485815493267
985321764326784915417596238253648179768915423194273856831467592549132687672859341
684237915395641287172859436516794328937182654428563791251976843749318562863425179
476913582928645137351782496783194625145826379269537814534271968697358241812469753
156834279238179645497526138712943856983765412645281793521498367374652981869317524
487256139295137864361984572846372915712569348539841627978413256154628793623795481
259843761436719582871562943793428156628951437514376829967284315145637298382195674
715326894869574132432819657293641578657982341148735269986157423521493786374268915
463129857975638214821745639598472163617983425342516798759264381284391576136857942
725139684814672935936485127673841259492563718581297463247356891369718542158924376
613589472592471863478362591259147638741638925386295714937824156164753289825916347
761594823592738164834261957926145378183972546475386219319457682657829431248613795
367819524582436791194752368215694837943587216678123459421368975736945182859271643
351427896896315427472986351718542639934761582265893714649238175187659243523174968
146793258932158764758624391815279643693841527274365189529417836361982475487536912
935187642467235819821946753246853971759614328318729564183562497672498135594371286
278413956549286731163579482491628573736945218852731649985167324327894165614352897
521784936396512874487369152854691327769235481213847569932456718645178293178923645
293568147684127395751394862527846931946731258138259476865913724479682513312475689
617234859392758164854916723268391547435672981971485632583147296729563418146829375
163928547458173269927564381281649735794352618536781924315496872672815493849237156
129763458437258691856149237295374816641982375378615942963527184714896523582431769
945821736126739458783564219237918564468253971591647823654392187812476395379185642
568724139234195867719683254956371482147862395823459671371546928495238716682917543
234796158819435276567821349683542791195387624472169583958213467326974815741658932
236978541589431276471256893954367128617824935823195764798613452162549387345782619
847216593593478261621935487978152634164397852235864179486723915759641328312589746
864753912132849765759612438516984327297536841483271659325497186671328594948165273
726459381819273465453681792168347529245968137937125846594812673672534918381796254
631925487245378619879641235126439758793582146584167923418793562357216894962854371
395261874714583269862497135159348627486752913273916458928135746541679382637824591
728549631654381297913627584596134872831275469472968315347812956185496723269753148
419735826532846791786291345827514639354968172961327584245173968678459213193682457
184567392675293841923481657216759483349812576758346129592634718431978265867125934
245176893893542167617398254974683512536421978182957346461835729329714685758269431
321679845564281973978435621439716258216598734857342196795163482682954317143827569
965183427281479563743562189127635894458921736396847251532716948819354672674298315
745293186619847253328165974562934817834721695971658432157486329493512768286379541
731285964256943718489671253574128639128396475963754182847562391392817546615439827
596417832271385496843629715389746251124538967765192384632971548957864123418253679
741692583932185647568347192674538921283971456159426738825769314316254879497813265
235789164941562738687134259328956417459217386176843592594621873713498625862375941
568432971437195862129876354675321489294587136381964527846259713952713648713648295
912876435347215698856349217165987324739421586428563971584792163693158742271634859
968351742714682953352479168847293516693518274125764839286147395531926487479835621
123759648798364512654218379372946185519832764486571923837125496265497831941683257
563429178219875436487163592394587261176942385852316947921638754645791823738254619
756239841318467295294158673963841527541672938827593416189725364635914782472386159
675321498134987265289546731518792346327654819946813572493268157861475923752139684
671243985258791643349685721962157834137468259485932167893516472524879316716324598
157429386326758419489631752873162945961845237245973861692584173538217694714396528
493758126758162349261934578685497213932615784174283965527346891316879452849521637
794316825538297641216854793981732456472685139653941278327169584149578362865423917
415729683692834517387165942539248761761953824824617395148576239953482176276391458
947658312315492687286731459621547938798163245534829176879316524463285791152974863
134728569975634821286159347863917452497265183512483976729841635341576298658392714
854972631213648795796351842625839417371465289489127356932586174568714923147293568
942781563371465829568932147159328674683147952427659318296814735715293486834576291
326894715581627493974513862457389621138256947269471538845932176612745389793168254
854963217712845963936127845493658721567219384128374596385496172671582439249731658
471596283269738145538142679185264937397851462624379518856913724912487356743625891
846159327927643185351287946174328659285976431639415278498762513513894762762531894
879324516316579824542816937653187492198642753724953168465298371937461285281735649
534721689621893745879546123796152834153684972248379516315267498462918357987435261
812937645635428179749561832187659423293184567564372981976245318421893756358716294
879123654534976812126458739487531926651294387392687541918362475263745198745819263
752891346934567812816432795649385271528719634371624589285143967493276158167958423
471632895286975413395841726752164389948357162163298547819523674637489251524716938
538624971241798635796513284857162493324879156619435827183256749962347518475981362
389652147672841935541937862154389276938276514726514398497128653863795421215463789
275348961386159472194726385621984753837615249459273816542891637713462598968537124
894135762271684395536927184467251938952873641318496257725368419649512873183749526
365478291148952673297361485632819754819547326574236918923685147451723869786194532
752418639634259781189367524971683452243571968568924173896135247315742896427896315
532847196786912453419536287674159832928473615351628749143765928297384561865291374
162893475874615923539742816426957381791438652358126749917264538245389167683571294
459183762176524893328697154531946278947238516862751349214379685685412937793865421
461532789327918456859746231678154923543297168912683574785469312134825697296371845
837452169915683247426917358584791623671235984392846715263574891758169432149328576
923417658854632719176985432639751284517248963248396175382164597465879321791523846
358741926729586143641392875274135698913628754865974312597463281486219537132857469
891432576367859421425761983178543269239176845546298317713984652654327198982615734
978123645513864792264579831431982567725436189896751324359647218647218953182395476
843925176971648532652713849389462715165897423427351968718239654294576381536184297
968245137417386295532179648794618352386592714251437869123754986875961423649823571
438197256726835419195642738672481593389526174514379682251968347847213965963754821
834175692215946837679832415168297354742513968593684271421769583386451729957328146
692481357185763294437529681953214876768395412214678539826157943379842165541936728
852943716793261845461587923318492567926758134547316289184675392635829471279134658
236984571594721863187536249741698352629153487358472196862347915913865724475219638
246178539957634182831295746695781423412356978378942615123469857564827391789513264
347168592981257634526943871768419253492375186135682947679531428213894765854726319
243781956965324718178659234624513897839267541517498623496175382751832469382946175
538276149742391586691854372873129654426735891915648237284517963369482715157963428
172945386985673214463821597834197652519362478726458931398216745251734869647589123
495186327362749518187325946548913672971268435236574189614892753859437261723651894
975482136243691857168753429317548962824936571659217384432869715586174293791325648
653987142184236579297514683932451768846793215571628934728149356365872491419365827
473598216951362487268741593584927361129436875637815924842173659316259748795684132
239745618784261539561839472976182354458396721312574986143658297627913845895427163
816925374294376185357481962768253491123794856549618237682137549431569728975842613
642198357985347621731526498257813964318964572496275813163789245874652139529431786
625478391897613524314295867289167435176534289543982176462359718751826943938741652
312578649596314287478926531681495372259731468743682915134257896927863154865149723
537146298416982357982573416123895674745261839869734521678329145354617982291458763
627381945358947612419625738983264157162753894574819326296438571835172469741596283
314786529627459318598321674953672481861934257742518963479865132186293745235147896
874532916126978435953614728697325841582147693431896572745281369269453187318769254
837945216526831947491267358714359682952486173368172495173698524245713869689524731
462957318739812564518346972385261497276493851194785236847139625951628743623574189
812574693357896412649231857285419736964753128731682945198365274473128569526947381
869425317475183296321967548648271935213859764957634182792346851184592673536718429
845319726629857341731642859298135467473286195516794283367928514984571632152463978
428317965531964278796258143157423689649185732382679451815742396273896514964531827
798523164246197853153846927381254679472689315569371482814735296637912548925468731
354692187912738465867145239586417392729863514143259678675384921438921756291576843
927653841348721659615948273179584362486237195253196487561472938894315726732869514
387962145591743286462851973156397428738524619924186537275439861619278354843615792
963851472785342196421697835547213689316489257298765314854936721132574968679128543
471523869853619742629487153718935624265741398934862517592376481346198275187254936
259347861146298735378615294514823976683974512927561348432756189891432657765189423
571938426863214957429756813798342165612587394345691278936825741187469532254173689
162598743738614952495327816381746295647259381259831467913475628824163579576982134
281497563546138792937625814128973456469512387753864921375286149892341675614759238
169875432843126597572349168786213945395684721214957683657432819421798356938561274
762439185154782963938651427295378614873146259416295378529813746341567892687924531
472138695815679423693452817987324561541896372326715984759283146268541739134967258
528734961413965278796821354985247613237186549164359782851693427342578196679412835
234895167976312485581476923418253796725961834693748512869537241347129658152684379
751483692962571348384692715417859263235146987896237154143765829678924531529318476
357698124186254937924371568695187342432965781718432695543819276879526413261743859
195364278486527193327981546274653981619872354538149627741296835862735419953418762
814965237536278149972413568697124853123857496485396712769581324358642971241739685
716425839583796241924183567245378196837961425691254783362817954479532618158649372
427513869691248753853679241586192374749356182312784596974821635165937428238465917
147362985368579142925184673839617524476825391512493867684231759753946218291758436
275816439913452876468937125356781294184629753792543681831265947529174368647398512
478153296193726485652948173829674351765312849341895627236587914987431562514269738
678392514243615978951847236362984751597261483814753692429538167735126849186479325
512687934364529871798431625139276458476358219285194763643812597921745386857963142
159326874427891653638745921361958247942617385875234169294563718586179432713482596
367894512215736849948521376852149637436278951179365428784913265523687194691452783
462953817985471623371862945628147359539628174147539286214796538856314792793285461
812965734793824156645713829268547913174239685539186247987452361351678492426391578
954318672763254189218769435321985764689427513547136928836591247492673851175842396
293564871564781932178329654987216345341957268625843719839475126412638597756192483
362819547879425361145637289483192675951746823627583194298371456716254938534968712
915476382278391654643852971451763298382549716769128543527684139194237865836915427
394817256561392748827645913245973861678421539913586427189234675436759182752168394
456793128931682457782451639643217895897345261125968374374129586519836742268574913
967143258435782691218695374394817562851269437672534819526471983189326745743958126
429173856836425197715986243258364971367891524194257638973612485642538719581749362
712948356859736241634125897273851964495267183168493725341582679587619432926374518
379156842124938657865724391937281564286345719541697283453812976698473125712569438
875614329194532687632798541743859216289163754516247893327481965951326478468975132
932658147784931625516472893125367984467819352893524761351296478249783516678145239
251637894867942135439518726542791683986453217713826549324165978698274351175389462
481352967923768541675941832347589126218634795569217384736825419894176253152493678
376148592152396874984572613268914357713625948549783261625431789437859126891267435
183267954546913872729548361617824593298375416354691287975436128462189735831752649
367241895512938467984657321156372984729486153438519276643825719291763548875194632
834672591259138476716459283591867324648321957372594618985743162427916835163285749
457928631193645827268371495621483579384759162579162348716894253932516784845237916
184625973925137648376849152261958734597413826843276591719364285452781369638592417
419583672725416398863972451392654817687391524154728963236145789571839246948267135
715983624683142597492756318237568941869314275541297836976435182154829763328671459
728639514463512879915478263284763195651984327397251648836197452172845936549326781
532967814971482356486513297197635482853124769264879531318246975629758143745391628
237894615645217983819365427576923148382741569491658372753186294968432751124579836
134297856928635174756841239571428693893756412462319587387562941649183725215974368
326914587897365412415287936984756321532891764761432895148529673659173248273648159
271543689983726451564891732135972846749368215826154973317289564652417398498635127
834615927756329814192478635619837542387254196245961378521783469478196253963542781
379415826164289375825673914632758149498136752517924638243861597956347281781592463
681324975953671824274985163395267481712498536468153792537812649129746358846539217
365874129874921356219635487521769843436582971798413562657398214143256798982147635
624817395378965124195324687469752813587193246213648579846571932751239468932486751
148623597359417286672598341786351429591742863234986715423165978917834652865279134
475128693138976542269354871627831954983745216541692387814269735752483169396517428
697521483254863791183479562921736854578942316436185279762398145345617928819254637
563984127174256398829137564781642953246593871395871642952418736617329485438765219
452978613631254798987361245719482536365197482824635971246819357173546829598723164
189356274347218596625974831254169783973845612861732945498523167732691458516487329
249631587837425619516879243675982431183547926924163758461298375398754162752316894
917286534856734219342591768263179845794658321581342976128967453475813692639425187
628179543479538126153462879814793652392645718567281934946357281285914367731826495
297483156365271894184695327673812945952346718418759632736124589541968273829537461
253817649769524138814936257682753491945182376137649582398265714521478963476391825
591286734724395186683714925176842593359167248248539617915478362832651479467923851
314597628587216934269348571153479862976182345428653197731864259892735416645921783
431958672857362914269147385382695741174823596695714823946581237728436159513279468
478521963361974258952836147283617594615493782749285631894162375527349816136758429
836419572421537698795826134987651423152943867364782951243165789678294315519378246
984761523217853649563294817175629438438175962629348751392486175756912384841537296
724358619589416723136927458392574186671839542458162937815793264247681395963245871
495718362168923457273564819387192546619435728542687193726841935951376284834259671
523179864917846235468523917179265348236481579854397621395712486641938752782654193
279843615654721389831596427587614293162938574943275168395167842718452936426389751
319476258248539671765182394491825736672394185853617429126953847987241563534768912
819623754367548912452719863194257386783496125625381479576134298931862547248975631
124895763765132948839467125516783294498526371372941586683219457951674832247358619
379164528421835796568297143642378915785912634193546287916783452854629371237451869
436957281159248736872163549925614873764832195381795624213476958647589312598321467
243169875187542963659738241572914386918326457436875129795281634861453792324697518
591426837324587196876193452439718625182965374657342981715834269963271548248659713
245681973187593624639724158521368749968247531473915862396872415754139286812456397
742951683691873524835462197978235416326148975514796238267589341183624759459317862
653874129981623475274591683715962834468135297392748516527489361136257948849316752
197456238534128679268397145649782351813945762752631984381274596925863417476519823
829351476734296518156478932493127865217685349685943127971864253548732691362519784
697138245153472968482695731349861527268357419715924683534219876871546392926783154
587426391462319875193587246374851629916732458258694137739268514621945783845173962
786219543459378261213654897892135476537426918641987352978562134364891725125743689
961853742752614983834297516273961854695428137148375269489132675327586491516749328
712345896596218743384976152147582639235769418869134275623451987971823564458697321
287914356514637892693825741746583219158269437329471685972148563831756924465392178
684297351793514628125863497938645712456172983271938564842756139517389246369421875
362518947845397126719246853481659372597132468623874591978421635256983714134765289
184697532329541678567328914912856347743219856856734129671485293435962781298173465
827516934519473862634892715378624159962158347145739286753241698481967523296385471
738694512259718346146523978871269453625347891394185267567932184413856729982471635
276341958548679123913582476385196742721453689694728531867215394432967815159834267
453218967286957314971634285167482539834596172592173648349765821625841793718329456
741835692562491837839276154217953468354168729698724513473519286186342975925687341
615839472978412635243576891382197546461325789759684213824963157136758924597241368
539826174641937825287514396926378451473651982158492763794165238862743519315289647
679321845182954367354876192591738624847269513236145789925617438718493256463582971
756129843124368975389457612941273568865914327273685194638741259517892436492536781
624183597857926143931547286349261875216875439578439612492758361183692754765314928
397158462162439857458627931726591348834276519519384276985713624673942185241865793
418359267957126384362478519543967821296813475781542936635291748879634152124785693
281473596763598241594216378346821957127945863958367412815739624632154789479682135
172869534945731286836425971698142357257396148314578629421957863769283415583614792
716392854345718962928465731659173248431289576287546193573824619192637485864951327
695832741321794685847165239562473198938216457174589326713928564486351972259647813
618735924429816357537249816253467189846951273791328645385672491974183562162594738
814296537325478916679513284748931625536824791291765348462159873983647152157382469
428517963795368241361924758856271439174893526932645817589436172647182395213759684
298614573657983412314275869431752698576839124982146735129468357745391286863527941
319658742567249381284713956952134678746892513138576429675381294893427165421965837
946537281735821496812649573321496857687152349459783162268375914194268735573914628
749538621631294857582761439163945782495827163827316594974682315318459276256173948
425783961379162548186495237768921354254836719913574682597618423842359176631247895
713654298825971364946382175198527436257436819634198527571249683469813752382765941
894617253756324189312589674281975436549863721637241598163792845928456317475138962
386759241975214683241863597169548732527936814834172965753681429612497358498325176
425983761869751243713246958684172539291365487537498612342519876976834125158627394
764581293938672451521934867253796148197843625846215379382457916679128534415369782
243951678691478532578623194912846357457312986836597421765189243324765819189234765
491837625375216849826594731759163284684729513132458976243975168567381492918642357
146527983752983146389614572263751894817496325495238617578349261631872459924165738
493127658278695431516384729869213547357469182142758396984571263631942875725836914
925347681384216597617598243236159874148763925579824136491632758852471369763985412
683547192147293865592618473274356918815924637936871524461735289328469751759182346
654792318389164572712358946871245693293687154546913827438579261967821435125436789
137564298268739145495128376359642817814357962672891453981275634746983521523416789
328165974659487123147932658913256487475819362286743591862394715531678249794521836
281573649967481235354926781146892573895734126732615894679358412413267958528149367
568739124493152687217486935986243571754861293321975468849527316672314859135698742
182356947639417285754298163347182596596734821821965374968573412215649738473821659
965184732217593864348267951534726189682419375791835246153672498429358617876941523
158267394236945781794813625975426813642381579813759246461578932589132467327694158
987264135165397842423851967298643571351728694746915328579486213614532789832179456
861493752257168349493527618624975831178234965935816274312659487586742193749381526
245978163683421579917356428176532894859147632432869751324615987591783246768294315
938452176562197483417368295684715329179243658253986741841679532396524817725831964
462358719793614528851972463634825971285791634917436852546183297129547386378269145
675918324938462157412357896759846231341275689286139475894721563167583942523694718
671395824938624175452187936164532798583479261297861453319246587746958312825713649
274395168598146372361278594425613789716829435839457621182734956947562813653981247
156742398478193265293865174314926857685417932927358416831574629742639581569281743
954713862783692415126485937479836521832154679615927384361579248547268193298341756
716824593389576142245193768532987614968431257471652389653248971124769835897315426
569743182342189657187625439216934578854276913973851246425368791631597824798412365
128359647964781235573642981287965314349128756615473829892516473731294568456837192
862134957915872634347569812286741395759623148431958276178496523624315789593287461
753186492689423751421579863296854317834791526175362948568917234942638175317245689
389512746627439581145687392796158234831924675254763819568341927473295168912876453
874365912169278453532194687487932165693751824251486739926517348348629571715843296
495126783761398542823754916617582439984673125532419678156837294379245861248961357
169587234782643195354219876276835419495761328831492567618374952927158643543926781
596423781784961235123785946832619574659274318417358692368547129271896453945132867
319278546875463219426591837532847691194632785768915423643789152957124368281356974
327584169465791238981632745759213684816945372234867591692178453548326917173459826
427891653586324917139675824964183572215769348873452196348917265792536481651248739
127465839385972146496183257251837694764219385839654712912346578678591423543728961
659128473423796518178543962387654129945281736261379854514932687792865341836417295
914728635682953147357461298293814576561279384478536912729145863135687429846392751
493752681621938475578614329152369748849127563367485192915276834784593216236841957
281965437346287195597431862815673924473829651629154783932716548154398276768542319
639518427751642839842397516264973185593184672187265943316429758428756391975831264
278361495654798132931542786792684513185273964463159278327815649819426357546937821
682914735351678294974532618736891542129457386548326971415763829263189457897245163
673482951125739648849615372532874169467921583918563427781346295354297816296158734
457382691829615347613947825192738564764259138385164972238576419941823756576491283
341568729268197534759234618526719843874352961913486257695843172482671395137925486
468791523591362784372485196257638419134529678986174235623947851845213967719856342
457619382369428157128375469673581924894762513215934678982146735531297846746853291
987426351146583279532719648215964783479138562368257914793641825851372496624895137
714598326635172894982463157468329715321754689597681432249837561153246978876915243
891735642342961875675824139958473261436182597127596384289317456513649728764258913
651793482937482651284156397168927534479635128325814769816579243743268915592341876
745613982238954176169728354673285419594137268821469735952376841316842597487591623
186297534542381976397465182975812643214936857863574219429758361751623498638149725
419826735235719486867534192352941867741682953698375241924163578573298614186457329
798314625325967814146285379812693547937451286564872193289736451671548932453129768
628519374914763825357824961743692158289135647165478293591346782836257419472981536
146923875325678419897145362562431987473289651981567234758394126234716598619852743
483596127715382469962714538649823751258671943137945286526139874894267315371458692
695283471273419685481756293946375128832961754157842369519624837764538912328197546
648513729539726814721948536154632978293874651876159342915487263482365197367291485
652948371791253864834176529376819452915432786248765193163597248529384617487621935
584319627971286534263475189456198273197623458328547961619732845832954716745861392
392175648548623917617894253164987532985312764273456189739568421826741395451239876
164798352928531467753642198896124573471853629235976841542317986387469215619285734
215948376934726185678135249593467812167892534842351697759683421321574968486219753
951286734436957281827431956289715643745623819163849572694178325518362497372594168
645123879317984652892765431286579143971342586453816297769451328528637914134298765
193825476784693125526147938679518342815234769342769851231976584468351297957482613
345182769278964513691735842583496271927518436416273985752641398864359127139827654
175438962963271548284569713436825197718394256592617384851742639329186475647953821
283591647574263189169874253341782596892456371756139428918625734635947812427318965
532419786897635142614287539149873625376952418258146397461528973983764251725391864
467358291189426735352971864873542619295167348641839527524793186916285473738614952
751398246963524817248176593629485731817639452534217968476853129185962374392741685
814537692297861345356429178421395786735186429968742531643918257179253864582674913
842637159935214768761859324657193482184572693329486571278361945593748216416925837
784163259952874631316592847621359784437218965895746123169485372573621498248937516
438712695951368724276954381195647238624583917783129546349875162512496873867231459
269743185147852936538619472653291748812374569794586213986427351371965824425138697
192578643786423159453961278271659834345187962968342715627834591839715426514296387
287536194519724863364918572721485639645397218893162745476253981132879456958641327
281694357567381942943725861419867235358412796726539418172953684634178529895246173
917582463654319728823476195279143856586297314341865972795634281132758649468921537
426719583857236194391845726975481362284673915163952478712564839539128647648397251
769312854152849736834576291485967312926134578317258649673421985591683427248795163
265497138314528796879136452693784215128365947547912683981273564756849321432651879
594826137678134295312759864285413679739265418146978352451687923867392541923541786
185426973942573168376981542523619784814237659769845321698152437231764895457398216
136287459248591367957634218371842596629753841584169723495318672812476935763925184
791283546826574391543961278178345629362719854954628137417832965285496713639157482
469735182327819546851426739642397815578241963193658427235174698784963251916582374
837419265125736948946852317374985126618327594592641873269578431753194682481263759
291837465364519287875624319528196734137245896649783521752968143913472658486351972
649275813382491567751683249298734651516928374473156928837542196965817432124369785
983567124572134698614892537798216345351749286246358719169473852425681973837925461
918325746746819532253674189489531267672498315135267498897142653561783924324956871
321987564849526173567413928674852391193764285258139746432691857715248639986375412
581274396367198524249653781923581467856437219174926853612745938798312645435869172
139426785687135942425879613574293168398617524261584379756942831843751296912368457
923641587581379642467528139892134756614795823375286491236857914748912365159463278
837162594925874316416539782273498165641753928598216473382947651754621839169385247
938246175567139284124758639846593721713624958295871463682415397371982546459367812
138527964294613587576849123963481752721965348845372691617294835459738216382156479
835912674146758392297436158951647823468293715372581469713829546624375981589164237
215789436437126589986543127528461793349857612761932854172698345694315278853274961
957836142263741598814529673329615487548397261176482935731264859482953716695178324
172568493498132567653794812916843725847925631325671984531489276784216359269357148
218354796736129458495678123649713285873295614521846379982437561367581942154962837
124637859386459712579812463437965281951283647268741395812576934695324178743198526
176248953849513726523967814285639147697421385314875269932156478458792631761384592
816293745375146289294857361537984126948621537162735498653479812429518673781362954
514876329967213458823954176679325814458169237231748965795432681182697543346581792
485721963231869457967543281123987645756432819849156372594278136618395724372614598
452816793137495286869732514948327165316549872275168439723951648584673921691284357
179426538254138976863759214615987423738642159942315687427891365596273841381564792
563182479817946253942753618234865197189274365756391824428519736691437582375628941
456198327893742561217536498965317842742859613138624759389461275671285934524973186
298473156365921847147568239621835974739614582854792613576389421413256798982147365
174362589632598471895174236283647195756921843419835762947253618561789324328416957
615793824347821965298654317489315672721968453536472198852136749963547281174289536
126394587743185629985627134852976341497213856631548972374861295268459713519732468
832659174945172863617438529396815247284793615751264938469527381173986452528341796
169285473327694581584137926698521734741963852235478169876349215452716398913852647
371648529942351678685972413238469751716825394459137286594716832123584967867293145
298315764475689132361427859152798643934561278687243591843156927716932485529874316
758936412296417538341582697184623759637159284529874163413768925875291346962345871
968234715754619823213857649435198267892576431671423598129765384546381972387942156
498753216217846593536912487869321745143579628752468931985237164624185379371694852
516279438294358761738164592841935627925716384367482159483697215679521843152843976
456987123271436958893251476145398762637142589982675314318569247729814635564723891
923475186746831952581296347468329571195768234372514869257943618639187425814652793
485623791139857462276914538814265379693781254752349186327198645941536827568472913
394817625627593841158246397732481569465379218981652734846125973573964182219738456
627518439915423786483976125162854973794631258358297614246785391571349862839162547
617489523483125796952673148174358962298761435536942871365897214721534689849216357
196823457472651893853497162648735921531269748729148635315974286284516379967382514
657328914318954627924761538189246375746835192235179486591682743472593861863417259
734216985129758463856493721612974538548631279973582146495367812261845397387129654
984127563731569284652438791296815347143796825875243619518972436467381952329654178
319542786542768193786193452197836524864925317235417869678254931953671248421389675
586329147214857639793641582458263791672198354931574268345912876169785423827436915
693258714412376958578914623237469581864531279951827346389745162125683497746192835
672395841134728569985416723569137284713284956248659317857941632391862475426573198
438526971279138654156974238964753182825461397317289546582317469693842715741695823
578243961129675438346198752985416327617932845234857619453729186762381594891564273
973286451456173928821954367162398745745621839398547216239865174614739582587412693
895472136137658492426391875681237954253149768749586321314925687568713249972864513
271946358963581274854723916439217685586439127127865493692358741348172569715694832
489763152735219684126584739312645897854197326697832415548326971263971548971458263
396427185187569423452831976675913842238746591941258637713684259829175364564392718
348627591796315428521984736863149257472568319915273684187452963234896175659731842
693517482172384695854962371219478563537296148486153927721645839345829716968731254
498175326613482579527936148156849237784523691239617485361794852945268713872351964
937182654184657329562439718423715986756893241819246573298564137371928465645371892
417862593638795412592314687974256138851937264326148759249581376163479825785623941
827514963435962781691738254786241539912357846354896172279683415168425397543179628
936852417841769325275134698418976532567213984329485176794621853183547269652398741
185973264632458197974621583418265379269347851753189642596712438341896725827534916
219357684846291573735648921168472359453819267927563148674935812381726495592184736
597481236264973158318526749625318497973254861841769523139845672482637915756192384
921354876837961425564287319415679283698132754372548961283416597756893142149725638
568739421394521867172864359846397215735182694921645783259478136617253948483916572
234591867586472913791638254145926738629387541873145692912753486357864129468219375
856179234173642598429385176291764385687253419345891762714928653962537841538416927
127356498483192567569487123942875316315624879876913245754239681691548732238761954
294581376137426895856739421745613289312948657689257143421395768563874912978162534
294316758736825419851497362629751843375984126148263975467539281583142697912678534
964751238351428769728936415479165382235879641186342597843217956612593874597684123
763924185291587463548361792314672859859143276627895341182456937475239618936718524
872659431934187625165234879641893752529716348783425196257361984496578213318942567
986174253513826479247359816751968342398742561624531987439615728865297134172483695
576198234231574698984326175742963851618257943395481762423719586167845329859632417
349186275751392846628754319274538691936217584815649732462973158187465923593821467
164583297379426581258791463917345826846217359523968174635874912491652738782139645
689153247257849136431627895815764923724395618396218574163482759972536481548971362
925384716163729845874651329586917234742536198319248567698172453431895672257463981
269374581547891623138256974985467312371928465624513897492185736856732149713649258
918635742274891653653427981342789516769153428185246397436912875591378264827564139
657389214381462795942751638723816549469537182518924376134295867895673421276148953
639451728825967143417328659283145967941876235576239481764513892392784516158692374
451826397329745816678391425742958631916473258583162974235614789167289543894537162
251943678794826315638715294962374581587261439413598762326489157845137926179652843
316475892497218536852396714931582647265749381784163259529631478143827965678954123
567381942892457613413629857371264589684795231925138764739816425146572398258943176
582469731913278564467351829124935678736814952859726143371682495698543217245197386
293758146678412395541639827812947563935186274764523918187394652356271489429865731
942375861185246937763198254634721598279853416518469723397514682451682379826937145
153874296296135874847296513764321958521489637389657421938762145475918362612543789
617284395543796821289351467152638974364917258978542136731425689826179543495863712
268934715417825639539617842692473581183562974745198326351746298824359167976281453
156839247479265831328714695512973468643158972987426153294587316731692584865341729
386415792179263458254798361435971826968324175712586934897642513643157289521839647
827195436594368271613274985961482357345617829278953614132746598756839142489521763
513289674862417359479536218625748931184953762397162845258374196931625487746891523
479235681681749325523168947867951432132476598945823176258314769396587214714692853
189265437457139862326487519713924685945678123862351794538796241271843956694512378
483719652291356478756428931832167549547293816619584723128645397365971284974832165
125978463769345218843162759296417835574839126318256947652784391481693572937521684
938562714612473985754198362385716429169324857427859631873245196291637548546981273
167529438235468971849173256586392147913754862724816395458237619391685724672941583
476812953125394786389576214514639827692487135837251469951723648248965371763148592
294138567367459182851627349529346718613872954478591236785963421936214875142785693
764931258325648971918752436682173594147569382539284617851326749476895123293417865
715249863264835917389617524536971482498326751172584396647198235853762149921453678
321586974598274316674391528759142683416738295283659147862415739147963852935827461
523647981781935264964128735459372816217856349638491527145289673372564198896713452
872634951416985372953217684247153869638479125591826437385791246769342518124568793
451938276867452319293617458972346185345871692618295734529163847184729563736584921
152493867847625193396187452561739248978246315423518679615872934234951786789364521
493612875176458392852973164345129786781364529629587413514796238267835941938241657
835176942674259318129348567483615729967823451251497683592784136716532894348961275
287495316596831742134276598873149625612358479945762831369527184721684953458913267
394817625158629473762435981983562714517943268246178539629351847871294356435786192
729635481534187629168294753495372816813546297672918534387459162251763948946821375
324869571689157423715423689276934158943581762158276394562348917831795246497612835
792413685186952473435876129927641358354287961861539247243798516679125834518364792
126487359549623178783159462478931625265874913931265847814792536652348791397516284
541972836687534912392861475458627193129358647763419258874293561915786324236145789
273948165459761832861325947537692481614873259982514673748239516126457398395186724
834796521617285394529314768951837642742961853386452179168529437273648915495173286
382596741765413289914278536543781692698325417271649853439867125856132974127954368
142639875583714962796825134925387416638941257471562398314256789269178543857493621
165239748439857261782164359943681572251973684876425193697318425324596817518742936
276984153938571642154326897593168274781249536642735981367852419415693728829417365
192648753736251984485937162318796245624315897579482631241863579967524318853179426
869534127251679843473281596618795432534162789927843615145927368782316954396458271
985142367214673598763895214378561429426739185159428736591284673847316952632957841
236481597541297683798365124364872915817539462952614738479123856183756249625948371
689572134754183962123694857415327698237869541968415273571938426842756319396241785
682345719397186254451279863936721485248563197175498326764912538823657941519834672
435916782617283495982457136358149627149672853276538914793824561564391278821765349
718356429546927381293814756834195672962743518157268943385672194679481235421539867
596314287317285469284679153679521348128437695435896721943752816752168934861943572
561729384978314265324865917857492136642183579193657428236948751789531642415276893
216387459589412736347965821698254317723691584154738692962543178875126943431879265
846935172215476938973821465582164793391752684764398521438617259659243817127589346
152768394986134527473952861394587612765321489218649753841275936539416278627893145
286931574347586912159472683721653498864729351935814267493167825572398146618245739
561739428872546139934218576495627381386194257127385964618453792743962815259871643
345682917189375426726149385893426751561793248472518693634951872918237564257864139
523647189418935267697128453175283694832469571946571328259814736364792815781356942
987561342153294867624387159531948276279635418846172935365819724792453681418726593
835417962641982573729365481587691234962534817314278659278159346196843725453726198
968412375372569841154873962529134687741628539683795214296341758435287196817956423
529371648387654912416892537631785429875249361942163875794526183253418796168937254
932587416168234795754619238827156349496723851513948627281375964379461582645892173
524918673318762459679354218497681325152473986863529147246897531735146892981235764
328179645564382917197654328971463852846925173235817496459738261682591734713246589
568423971397165824142798365971354286235876419486912537819247653624531798753689142
925471683684932157173658942497523816231869475856147329762314598549286731318795264
531294768872615934964387152456728319389561427217943586648159273725436891193872645
179263458524871963863594271931682745682745319457139682296458137345917826718326594
689724531725183496134569872863495127291837654547216389476958213352671948918342765
741286593562319748839475216413852967298763451657941382984137625325698174176524839
578134296316729854429658713867412935132895467945376182754961328281543679693287541
319578624658249173274613958831792465725486319946135287563927841182354796497861532
364751982589263417172849635257914368948376251613528749895437126426195873731682594
983245671725916483641873295864392517239751864157684329318569742596427138472138956
487136529953287461261594387798651243134728956625943178812479635579362814346815792
945281763376945281218367495157839642629514837834726159763452918482193576591678324
286573149731492586594816372649725831378941265152368497865237914913654728427189653
256173894179485326348629571925846713463751982817392465532918647684237159791564238
216738954953241678748965321625493187839172546174586239567314892482659713391827465
923468571765213489148975362471632958386759124592841637857394216639127845214586793
957216483483957261621384795836579124142863579795421836564798312279135648318642957
324187695671259438859346217267914583983765124145832769712498356538671942496523871
984671523537428196216539478193857264845162937762943815428396751371285649659714382
793546128462183597815279364586317942971624835234895716359468271627951483148732659
137659824295843167648721539924516378716384952853972416582197643469235781371468295
279143586361598427548726319185467293634259178927381654456872931793615842812934765
518724396674931285932685174381496752746258931259317468895143627427869513163572849
473286915916537482582491763834912576261758394759643128125874639398165247647329851
165934872792186435384257196846529317217463589539718624923641758471895263658372941
627158493453279816891463752349681527712345689568792341284937165175826934936514278
523146879618379254974852631892534167165987342347621598239468715751293486486715923
247361895568794123319825746892653417675142938431987652984236571126579384753418269
859641732172359846643278951928514367364792185715863294587926413496137528231485679
561948237279513846483672519318759624652184973947326185125467398834295761796831452
468291735572836491139547826715469382683725914294318657851673249327954168946182573
237416589846952731951837426718529364623174958594368172479685213362791845185243697
879165324621943758345287961182436579436579182597821643714692835253718496968354217
983654721241789365576321498397218654458976132162543879715432986839165247624897513
652398741481765923973421586839617452714253698265849317126934875598176234347582169
198462375746359128532781496483695712961237584257814639319526847875943261624178953
913827564475693218862541739548136972391752846726984153659378421237419685184265397
248937156763521849519486237837695421495312768126748395352179684981264573674853912
328174695695832174741965283169527348874396512253481967417653829936248751582719436
976415283521873946348692175785321469613984752294756318839167524457238691162549837
213974658948516237657382194596143872184257963372698541461839725725461389839725416
275684319914723568683519427152498673369157842748236195596371284427865931831942756
643978215175632498892145736436291587928756341751384962564823179387519624219467853
574396281638271954192584673417963825359812467286745319941627538825139746763458192
936248715147956283258371496715839642483625971692417358521793864369584127874162539
947813625253647891186259473795436182631728549428195367314962758862571934579384216
152674398768193452493852671817439265239561847546287139671948523984325716325716984
915836427743952186286714539367295814421378695859461273594123768138647952672589341
641598732293671458785243169937156824412839576568724391379412685824365917156987243
467213859258976341913845627591384276732691485846527913125469738674138592389752164
379146582685972413142835967596423871413587629728619345831254796954761238267398154
527814693196235487438697215685729134972341856341568972863972541719456328254183769
853964127746521938912387654681475293294138576537296481478659312365812749129743865
572614893469538127183729456935867241614952738728341569847296315391475682256183974
983462751156879234724135986645917328217683549398524167862391475571246893439758612
789416532235987461146325789472563198658194273913278654591632847367841925824759316
731526849982437516564918372298354761375169428416782953623845197847291635159673284
592713468871462935643589172128637594457891326936245817269154783384976251715328649
561437829234981576798625134916253748847196253352874691189742365423568917675319482
741692583938745216265318794312456879874139652659827341187264935496573128523981467
184352796935176824267489531346295178892741365751638942629813457413567289578924613
182953746679148235534672918317829564258461379496537182745216893821394657963785421
194856372586732491327941586231598647879463215645217839758329164912684753463175928
698273145351648297724195836546321789937854612182769354875416923219537468463982571
275493816941856327836712954429385671753169482168274593617938245394527168582641739
165738924397142658842569713431876295658294137279351846714983562986425371523617489
245836971976421385138579642457293816819645237623187459394712568762358194581964723
742958316581367429963124758379641285415289637628735941294516873136872594857493162
943718256768452139125369487587931642419826573236574918674285391852193764391647825
198276345456938721273154698849361257615782439327495186962847513534619872781523964
946318257237456189518927463453869712872143596691572348784635921129784635365291874
851943672327865941649271538184639257765182394932457186278596413513724869496318725
589324761241697385763518294478251639132986547695743128824135976956472813317869452
352174968681359247497286513549831672713642895268597134975418326824963751136725489
653197284124856397978432561439685172261374859587219436316928745792543618845761923
598713264476852319213469587785931426964278153132546798827194635359627841641385972
976421583451638297283759461715346928829517346364892715548263179692175834137984652
471289365528736941693154287284317596167895432935462178312648759849571623756923814
815439267743625189692178435538297641427361598961854372384912756159746823276583914
715389462263754198849612573432196785698537214571248639184965327357821946926473851
623541987918736524457298136176423859834965271295817463741382695389654712562179348
653749218128356947947821653415967832869532174372418569284675391796183425531294786
731569842596824137428731659319647285857312496642958371185273964974186523263495718
458697231693182547712435986536918472974253168821746359367529814245861793189374625
645237981129658743783194562576983214912746835438521679894372156267415398351869427
485172396693854127271963845168597432534216978927438561342781659856329714719645283
921635487675984123843721695584319762167852934392467851259146378718293546436578219
971563842423918756856247913765381429194726385382459671619872534247635198538194267
721836549894715623653924187289561734137489265465372918342697851918253476576148392
479683152853129647261745983926358471548917236317264895184532769695871324732496518
351472689476198253928536471835614792297853164614927538589741326743269815162385947
397864125854321679162597384471239856936458712285716943648972531713645298529183467
685329174972541836134687259846295713751436928329178645467813592513962487298754361
425183796683579412917426385371968254896254137542731968234695871769812543158347629
378516249126794538594382716812673954937451682645829371263147895459238167781965423
649758312573192846182463957465921738728536194931874625856219473397645281214387569
234658791759421638861739524685394217913872465472165983147286359396517842528943176
947356821253814967186729534762185349415293678839467215578631492321948756694572183
179845326254963187368721945842379561531486792796152438987214653425637819613598274
923587416458163972671492358345729681819645723762318594596231847284976135137854269
763942518259618743184753296538294167627135984941876325315489672492367851876521439
591486723264713859387259614812597346946831275753642981638175492425968137179324568
482391756635427981971658324543986217728513649196742835819265473354879162267134598
519278436632194857478653192123865749786419325954327681397541268861932574245786913
943756821567128394128439657652394178431287569879561432395842716786915243214673985
576823941341976582289451637965732418134598726827164359753289164498615273612347895
184293567962571438375846219758324691639185742241769853423618975816957324597432186
257641398486923571391758462142836759965172843738495126614287935529314687873569214
683952147179684532425371896967428315214735968538169274846513729392847651751296483
487619253139527468526348791365974812972851634841263579718496325653182947294735186
259714863314685792867923145728156934135498276496372581671239458542867319983541627
635798214187524639492613875251946387974381526863257941519432768728165493346879152
238759146419386257765124389381645972654972831927813465543297618172468593896531724
879312645256478931341659782128947563795163428634825197567234819913786254482591376
258946371739125468164837259586379142912458637473612895327561984841793526695284713
692514738418673259537928461786391542359246187241785693924867315865132974173459826
235467918167983542984152637743529861628714359519836724451398276876245193392671485
357812694986453721412679385621348957794526138835791246573264819148937562269185473
695174328874253619213896457328419765561387294947625183439562871152738946786941532
145768392278934516369251784532149678497586123681327459823475961956813247714692835
926375814145289367387641925492753681653814279718926543279138456834567192561492738
718623954546719823923584716487251639192436578635978142874395261269147385351862497
498753216726819345135624789314972658982561437567438921253196874641287593879345162
362158794571349826498276531683921457214537968759684312927865143146793285835412679
816437925472951863539862471791385246328146597645279138253798614167524389984613752
831294567925761834467853219593617482246938751718542396684379125379125648152486973
137482965248965317695371248473198652829654173561237489986713524714529836352846791
958436271432751986716982543681379425249518637573624198365297814827145369194863752
892415736615837429347692518531968247286743195479521683724386951958174362163259874
364852179925174386178936245247593618851267493693418527589321764416785932732649851
849762351536918742721345896495273168268194573317586924173429685652837419984651237
369581274184276953257439681572394816436815729891762345623148597918657432745923168
912587634436921587785346129354862791821794356697135842243618975568479213179253468
369274815851369742247851369124537698576498231938612457495786123683125974712943586
429657138368149275715328469237986541946513827851274693592431786684795312173862954
741682935528793164639541287263914758495827613187365492314256879952178346876439521
476398512351472896289516347938625174564781923712943658645239781823157469197864235
963257418841936725752418369136589247279341856485672193514763982328195674697824531
971385264238614759654729138397856421145273896826491375513942687769138542482567913
179546382823791654465832791934178265756923418218465973387219546691354827542687139
165287934294135678738469215512674893647893152389521467823716549471958326956342781
461783295378592146259416378796145823812379654543628719924837561185264937637951482
968472351437519268512368947896157423724936815153284679671843592349725186285691734
562879341478631259139542867614923578723185694895467123356798412247316985981254736
579638412123495867864172539451329678936847251287561943648213795712956384395784126
817492653526873941934156827293748516758619234641325789169284375372561498485937162
876124935592683417431597862385719246149862753627435198918376524753241689264958371
781963524654281739392547186817694253926835417543172968465319872278456391139728645
697185324523674981841329756178243569465891273239567418782936145916452837354718692
947621835583497216162835947756918324814362759329754168638249571295176483471583692
934826751657413982812975436769584123243169578185732649578391264396247815421658397
764918532598326741231745968947283156352167489816459273473691825689572314125834697
781625349345879162629341758472158936598736214163294587856912473234567891917483625
497815263528963147361247985614792358852136794739458621183529476276384519945671832
268941357143657289795823164579238416682415973431769528857392641326184795914576832
752689431691473258843152967275391846316748592489265173928537614167924385534816729
579264183143589762286317945624753819951648237738192654892431576367825491415976328
574312689361895724298476315146287953752139468839654172423561897687923541915748236
379815462628794135451632879284157396165983724793246581542368917817529643936471258
368975241195248673247361958912784365753196482486532719524613897671829534839457126
137849526964253871852167943623598714791432658485671392348915267219786435576324189
823567149547931826196482537379145682251896374684273951465329718712658493938714265
738261495695748231124395867976823154481956723253174986319687542847532619562419378
163527948825349716947168532639451827284736159751982364392814675418675293576293481
472691835896357421513248697657923148941876352238415769365182974789564213124739586
637894251254316897198725463762981534341652978985437612513268749879543126426179385
837219645914657283625384791581476932762935814493128576248761359359842167176593428
384562719612497358957813264465278193879351642231946875526189437198734526743625981
813694752945872316267513489379285164521746938684931527436127895192458673758369241
674923851589471362132658947415369278867214539293587614328746195941835726756192483
986137245431259687752486193248673519397518462165924378524791836819365724673842951
591476823348592167276381495189745632452639718637218549964827351723154986815963274
963215874874396521521478693746182935358769142192534768685943217419827356237651489
684372591725916384139548276472681953596734128318259467853497612241865739967123845
935187426781642359426395781218964537379851264564723918142578693653419872897236145
465389271987621354231547896374865129519472683826193745658714932193258467742936518
816295743594376182237481956471928635623547891958613427345769218162834579789152364
237149685495836217861752394516274938782963451943581726624318579179625843358497162
274138965316592748958746231491327856587619423632854197123985674869473512745261389
428579361513486297796321458387164529241957836965832714639248175872615943154793682
476859132129364758538721496284613579315978624967542813693185247752496381841237965
124856397396247851578319426435721689819463572762598143287634915641975238953182764
758263914293184675146957832534829167971645328682371549815432796327596481469718253
158923467796154832324768159285439671943617285671582394562871943417396528839245716
164829375278531694395467182781352946653794821942186753426973518537218469819645237
859412637631597482742863519417928356986735124523146978265389741178654293394271865
268471935957328416341659278189564723472813659635792184523146897894237561716985342
826437915345129786179568423432891567917652834658374192764913258581246379293785641
792461385536278149184395627673914852815627493429853761358749216967182534241536978
541879362286513749397642158429768531765231984138954276853126497614397825972485613
731296485248513679569478312483125967627849153195637248952764831374981526816352794
163754298294168573587932641729386415618495732435271986871629354946513827352847169
718369245429785163365241879836427591541896732972153684187932456253674918694518327
847519632269378514135462879493857261718236495652941783321785946984623157576194328
249176853156983742873254691314569278798312564562748319627431985981625437435897126
692185347758436912413972856147359628235861794869724531981643275326517489574298163
476321598518649327932578146149857263765932481283164759697215834321486975854793612
946723581213589746587641293625834179791256834438197652362478915179365428854912367
395471862246835971187269543523914786971658324864327159438796215712543698659182437
486712953215943687739856241143697528658231794972485316867524139591368472324179865
529743186867519432143628597931264875475831269286975341618392754392457618754186923
215498367387562914469713285824635791756129438193847526631274859978351642542986173
743689152216375849958421763694713285182546937537298614469137528371852496825964371
952471386784639521136285479561823794498167235273594168647318952819752643325946817
419325687765984312832176945374259168628741539591863274246538791953417826187692453
938471652527368491614295837163529748492786315875134269286913574359847126741652983
763185429521496837984372516675218943418953672392647185837564291146729358259831764
345826791217459638698137425762948153934561872851273964183692547479315286526784319
659421387821367954743859621162745893985213746374986215296534178417698532538172469
482376159195428736763591428834719562621835947957642813349257681578163294216984375
643571928872936415951248376726394581135867294498152763387625149564719832219483657
631845297859271436427963158243156879195728364786394512374612985912587643568439721
914876325578312469623495817847261593192538674356749281785123946261954738439687152
276985413931724568485163297517496382623817954894532176169348725742651839358279641
842719563617543289359628714526984137931275648784361952463197825295836471178452396
324167589178953246695284173813796452569421738247835691981542367432679815756318924
198462753265937184374518629831276945647895312529341867953684271416729538782153496
368492751549178326172356849253981674914567283687243915436725198825619437791834562
294567318175839426683412597327946851951328764468751932819273645532684179746195283
421573689573689412986214753857132964219846537364957128132795846745368291698421375
376148529984256137152379846568934712491782365237615984615493278749821653823567491
267145839945873162813269547584726391172398456396451278629584713438917625751632984
349675218652148739187932456276859143498317562513264897824596371935781624761423985
198574623736892514245361879427619385651738492389245167564987231872153946913426758
258619347634572819719438256925163784861724935347895162583247691476981523192356478
591382467263417958874695132326971584489256713157834629748163295912548376635729841
394527186265481397178963425846172953913658274752349618539814762487296531621735849
956137248384529716172648953769381524541276389238954167823765491615493872497812635
197865234362419578458372916683157429945283167271946853719628345826534791534791682
571498236963172854842365719658231497317849562429756183184923675796514328235687941
459827613671395248832461957284759361397186524165234789546978132913642875728513496
172685439936427158584319726728531964413796285695842371859173642267954813341268597
497851623125643879863297154534162987681974235972385461219738546358416792746529318
932486175471352869586197324149235786723864591658971432295713648364528917817649253
984721653317956842256348791568437129731289564492615387875194236629873415143562978
382465197957318246614927853829751634761834529543692718298573461176249385435186972
874123965169548372325769148782615439513294687496387251957431826248956713631872594
412685973598713426736924158283196547947532861651478392374251689869347215125869734
321749856876352419459168327284913675793526184615874293138695742947231568562487931
742163895581794632396528714459876321173259486628431579914687253237945168865312947
876352149435891762912674538187463295354289671269715483793526814548137926621948357
348672591196458732572931648759214386864793125213586479481325967627149853935867214
481763295579421836236895174915684723847532619362179548653247981798316452124958367
493281576615937248278564139527316984964875321381429765746192853859743612132658497
542136879893274651176589432317642598659813724284957163768321945425798316931465287
917853264624791385583624719845972136179365428362418957491286573756139842238547691
934278561672531894158964237591423786467895312283617459849152673715346928326789145
875469312932158476641732598728913645416825937359674821584291763197386254263547189
687152943219384765453967128742815639395726481861493572528641397934578216176239854
186529743749163528253784619367951482591842367824376195435218976918637254672495831
582796413964123785371584296247869531815372649639451872123647958798215364456938127
835674219721893465496512837372956148149728653658431972563249781214387596987165324
947638251562941378183572964615897423428163795739254816376419582254786139891325647
712356849864719523539428761257194638143865972986273415398641257471582396625937184
572834916431296857869751324184527693693148572725963481357619248216485739948372165
834591762519276834276834951785163429641927583392485176967318245153742698428659317
456812379321975486978436125864293751732154698519768234685347912297681543143529867
491327865758619432263458719832941576675832941149576328924183657316795284587264193
875412396916837542423596718389241657157683924642759183768125439231974865594368271
837261594926354871541897263764985132195432687283176945618543729472619358359728416
198325674527146839364897125482673951635981247719254386241539768876412593953768412
429615837617328954385947261576239148948571623231864795192483576854796312763152489
146958723279613845835724169698431572451276938327895614983147256764582391512369487
852741396416935728379682451685479213923158674147326589534817962791263845268594137
318976254697542183452318769276831945185294376934657821843125697769483512521769438
174986325562713948938254716689172534713548269425369187256491873891637452347825691
523147698947658321816392745269813574751964832438725169384271956192536487675489213
456123789179548326238769451541836297983472165762915834624397518315684972897251643
936158247285749163741623589367285914452961378819374625694832751178596432523417896
875269413249831765613745289954127638162358947738496521527613894396584172481972356
952148763783629451164735928419386572827951634536472819398517246645293187271864395
983762145124953768675418932768239514231574896549681273312896457856147329497325681
491253867326897145587641329958376412263914758174582693812435976735169284649728531
785196342613274958429853617854629731962317584371485269238761495196542873547938126
287956413516243978934817526823495167751628394649731285375182649462579831198364752
975813426632495718841276935428761359317589264596324187769152843184637592253948671
693528471152437698847619235764295183319874526285163749536782914478951362921346857
398271654471586329652934817789163542216459783534728196843612975127395468965847231
478539216391628475562147389159263748826471593743895621217386954935714862684952137
217385649895264713463791582324157896176928435589436127731542968642879351958613274
176842539285937416439165827528493761693781254741256983964328175312574698857619342
982471563451369872637528941395142687148756329276983154863294715729615438514837296
376184259159263784428957136837549621915632478642871593581796342764328915293415867
692853714784196253351247986518974632436512897279638541847325169925461378163789425
821537469673249815549861327916472538354698172287315694438926751162754983795183246
523814679896735142471296385917468523654923817382157496745389261139642758268571934
327184659914567382568293714891326475635741298472859136283415967156972843749638521
975683241123547698486219573268374915341965827597128436754832169812796354639451782
954317862238659147761842935687925314192436758543781296829563471315274689476198523
759238416683154927241679358435796281916823574827541693574382169192467835368915742
532794681148263597796158432469317825873529146251846973627981354384675219915432768
127845369496132785853769124648573291739218546215496837561384972374921658982657413
256971834984623571317584629861759342429318756573246918138497265695132487742865193
164579283873412596259368741687924315531687924492153867328741659745896132916235478
196278435537164892428935176815396247962741358743852619381527964254619783679483521
296745318483126597715398246678459123921873654534612789857931462362584971149267835
573149826682735419149682753368514972491327685725896341234971568916458237857263194
534678291821935647976412358618347529457269813293851764345186972782594136169723485
925618374347925681186743529869374215412569837753281946291436758634857192578192463
649871532213549876587263149952487613168392457734156298821935764496718325375624981
453679128781523649926481537142796853367158294895234716639812475274965381518347962
932561847178342695465879123341297568789635412526184739297456381613728954854913276
729645138534198276168372459843956712971423685652781943416539827387264591295817364
147253986932768415568941732354897261896124573721635849615479328273586194489312657
715842693892653471436197285163478529247965138958321764581236947679584312324719856
925478361836921457741356298378569142264713985519284673692835714487192536153647829
163284759294715836785936142352149678479368521618527493821473965937651284546892317
592836714876194235143275689725319468968427351431658972687542193354961827219783546
971862534465739182238451976896143257124675398357298641713924865542386719689517423
365194287214387956798562413642913578573628194981745362427859631856231749139476825
967821354328745619541369287189253746472698531635417892893176425754982163216534978
765298341923416785418753926274589163689341572531672894392167458157824639846935217
569741238812356479347982561983125746421679385756834912234518697678293154195467823
836459712425187396179623485681275934297348561354916278968532147543761829712894653
938451627751629834264783591342598176816274953579136482185367249497812365623945718
584267139216394587379185462928671354745839216631542978193726845457918623862453791
917235468548769312326481795264173589795846231183592647471358926839627154652914873
287436591451982763936715482623578149195624378874391256768143925519267834342859617
841627359793584162652319478428975613376148925519236847167892534934751286285463791
317869245694152837852437961169273458473985612528614793741598326935726184286341579
645397281138642975279851346567138429813924657492576138781263594356489712924715863
951864327876239154342175689295486713164357298738912546483721965527698431619543872
713946528695782431842513769476195382359824176128367954931658247287439615564271893
549671328761382594283495761912534687475268913836917452357829146124756839698143275
725941836318726954694583712153872469246195378987634125532418697471269583869357241
746352918531896742829417365654289173172634589983571426368745291297163854415928637
762851934941237856835649217278315649394726185516984372683472591127593468459168723
314987265752316894986542137593421786648735912127698453465179328879263541231854679
816375294423691758759482163162543987948217635537869412294158376381726549675934821
643189275298547361571326948357861492186294537924753186862435719735918624419672853
326741598549283617718695234987526341263814975451937862674352189192468753835179426
682435791915728364473169258361297845794583612258614937136852479849371526527946183
435691728689274513172385496526819347397452681814736952748523169261947835953168274
568243791931675842742981653873516924124397568695428137357164289286739415419852376
813476529597213648642895173321957486789641352465382791956738214138524967274169835
765948321489312765321765948916534287854271693273896514142657839697183452538429176
682317945934825617157649238418963752329754861765182493241598376593276184876431529
396824751481537296725619348912476835574183629638952417257361984869245173143798562
285941367139768254674352198543176982968423571712589643427635819896214735351897426
513847269649352817782916534375624981861793425924185673436279158258431796197568342
782149653435867291691235847573928164829416735164573928318652479956784312247391586
895473621214586973367912854653129748479358216182647539946235187538791462721864395
582471936634952817791836254948517362276398145315624789423169578857243691169785423
812576943694213587357948162286351794475689321139724856548167239961832475723495618
341529876728346951965718423189234567634957218257861349596473182872195634413682795
657314892894562173132987546375149268246738915918625734789453621421896357563271489
392781465468523971157964238931478652275619384684235719523847196749156823816392547
716924358598637124234851679927486513843715296165392847382579461659143782471268935
625187349489532167173946285512894673397261854864753912951428736238675491746319528
536214798784569231192873654819736425327485916465192387643951872271348569958627143
394652187167938542528471693871269435635847219249315768786594321953126874412783956
592147368368925417174368925437281596216459783859673142925834671643712859781596234
723514968164798235895236417279641853631852749458973126512387694986425371347169582
895312476642957381731468952914573268276891534358246719567124893123789645489635127
971843265263517984845296317136759842498621753752384196519472638387965421624138579
597846231416293785328715469271469358649538127835127946164952873983674512752381694
894137625615842379273569148527914836481653792369278451942786513756321984138495267
849275361612839745735146298927351684381624957564987132273598416198462573456713829
429675318618349752573281649196534827385927164742816935261498573937152486854763291
942513867651978243873246195325681974418739652796425318284167539567392481139854726
576914238432685791891273654658749312319862547724351869143527986265498173987136425
562849371397216854418537296671492538253678149849153627135784962786925413924361785
374682195925317468861594273159763842782459631436128759693241587517836924248975316
586734291479281563213695748352478619641329857897516432734952186125863974968147325
498671352657342819321958764879215436534896127162734985785463291246189573913527648
986547213715832469324691758698254137432179586157368942273416895861925374549783621
197538264286974531345216798763851429824369157519427386972183645431695872658742913
195467832276893145384152976841729563962538417753641289617985324429316758538274691
729641853854239671316857942492783516583416297671925438267394185935168724148572369
621584379475319862983762451847196235352478916169235784236957148798641523514823697
625138947897642135341957862473521689286394751519786324154869273762413598938275416
138962475752314968496578312879423651341856729625197834217689543964235187583741296
758326914396514872214798536439281657185467329627953481962875143573149268841632795
691243857547918632832567419216854973985376241473129586768432195354691728129785364
734819562685423971291756348158374629372695814946182753527931486869247135413568297
453278169612493875798651423574812936386945217921367584135729648267584391849136752
921584637847613259635972148398257461274136895156498372512349786489761523763825914
138457926469821753725369841594186372376295418281743569613974285857632194942518637
382174569159682347746593182431257896967831254825946713298765431673418925514329678
925671348763489125841523967372956481586142739419738256657214893134895672298367514
485912637916387452372465981627593148849721563153846279764239815238154796591678324
836251749179438562542679381254163897761894235398725416427986153685317924913542678
987513246164728539235964718691237854573489162842156397328691475419875623756342981
986145723341278659257963841835491267162387495479652138728536914693714582514829376
364259817187436952952781634613527489249618375578943126435862791896175243721394568
248359617769812543153674289381567924574293168692481375437125896916738452825946731
962831547458627193713954286537142869641598732289763415896215374124376958375489621
257418963139762485468953127615289734784136592392547816543691278871325649926874351
153694287927158463648732915394517628715826394862349571239471856576283149481965732
174293856368547912592168374935782461621954783847316529286435197459671238713829645
285169473136874925479532861324957618968413752751628349842795136517386294693241587
514268397786931254932547168629783415857194623143652789291475836468329571375816942
945721836316985427287634915431897562759462381862153749593218674178546293624379158
876142359953867241421359678645218793197634825238795416719486532382571964564923187
759413862834627159162985734547391628618742395923568417481256973276839541395174286
946512387125387469783694152237958641619243875854176923562831794491765238378429516
461593827729481563583672149312769485674835912958214376296348751837156294145927638
491657382265938147837142965543761298728495613916823574389214756172586439654379821
986152347532487169471693852758934621214876935693521784365219478849765213127348596
168459273352867149947312865736598421415726938829143657283671594591234786674985312
534962781172843569698157342253481976769325418841796235426538197987214653315679824
867254193532189647491637528723846915956371284148592736374915862615428379289763451
953786412172453896648129357285941673317568249496237185539614728764892531821375964
517843692394256187682791453869425731451387269273169845138574926945612378726938514
379862145265341789841579362938456217526718493714923658687135924452697831193284576
562438179874619253913752468648597321391264785257381694425873916789146532136925847
598732614276941385413685927184563279359217846627894531765428193841359762932176458
254378619379612485168549732941823576783456291625197348432961857817235964596784123
389457261154692387276381945541836792768219534923574816637945128495128673812763459
639745182517892634824613579368954217291387465745126893156439728473268951982571346
463521798295847361817936542189274653734615829652398174926153487378469215541782936
129634587548729631763518492391482756275961348684375129816243975452197863937856214
368754912297163854415289367132678495986541273574392186859426731621937548743815629
598367124217845639436219857329478516645123798871956342952781463183694275764532981
532876941867194523914325876376951482125438697489762315243587169698213754751649238
354867291687912354129345876213784569946523718578691432431279685895436127762158943
253194867984765123716238594647382915328519476195647382869423751532971648471856239
924815367538764921671329458246591783397648215185273694862137549719456832453982176
712846395458319726936275841879152634541763289623984517164538972395427168287691453
845712936129653874763948152536827491498361527217594683952136748684275319371489265
845237619276918435391465278432859761768142593159376824927583146513624987684791352
817325964645971328932648751321786549568439172479512683286153497154297836793864215
794162583136845729582973461418627935267539148359418276821354697643791852975286314
132548697849672315657913824518427936376189452294365781781236549923754168465891273
294386715573412896816975234135769482927834561468521973681257349359148627742693158
763452819928716543451983726642395178135827964879164352216539487387641295594278631
936215487412378659587469231374851926625794318891623574748932165163547892259186743
763241598941865327528739614174958236896312475235674981319486752687523149452197863
387194256469725813512836947674352198893417562125968374246589731938671425751243689
471982365892635147536714829968241573325897614147563982684329751253178496719456238
579213846826479315341568792214637589957824631638195427495781263763942158182356974
198724653543986217726135948239418765851673429674592831385267194412859376967341582
139672548824315976567498213496853127783241659215967834348126795651739482972584361
728195436635472819941836257173924685584763921296581374412658793859347162367219548
623514978918723654745968123391845267254679381876231549187356492462197835539482716
419528763583679412726143598672435189354981627198267354865394271247816935931752846
913826475568417392247953186321764859695182743784539261839671524452398617176245938
126835497748692135935174826364289571851367249297541368489713652513926784672458913
837491562426537918519862473762983154358714629941256837674128395293645781185379246
392158476568347129471296358134625987927834615685719234843971562719562843256483791
197468352384925671562173894816237945479851236235649718721384569643592187958716423
251376948938241576674958132819425367463197825725683491197564283382719654546832719
264379185395182764871456329642917853987523641513864972436298517759641238128735496
236918574841275369975634821624853917598167432713429658467591283159382746382746195
576294318198563724243187569985672143617439285432851976321946857754318692869725431
162894357743561289895732164927318645631457892584926713479683521256179438318245976
712584396659137824483962571165729483234856917978341652541293768397618245826475139
174652389952183476683749215397214658218365947465978132846591723721836594539427861
958136472273854916164972583489521637317469825526783194831245769742698351695317248
439156872156782439827349516378915264592467183614823795243678951985231647761594328
847596321921384567536721498759438216463912785218675943695143872184257639372869154
923461758714895632685273491837952164569147823142638975391586247458729316276314589
253694781978213456146578239561729348389451627427386915612935874834167592795842163
976581342832946715541327986615734829293658471487219563368175294124893657759462138
546397218238416579719852463687245931195638724423971685962583147374169852851724396
789532461351496278624781593278314659135269784496875312563128947842957136917643825
924731586318659274567248139231986457476513892895472361149365728752894613683127945
125689347789423165346715298812967534957134682463852719598376421671248953234591876
628973145571864293943125786467258931215349867389617452736481529852796314194532678
263841759451379286987562314539726148624183597178954632316298475845637921792415863
156897324493526718827413695918745263642138579375269841289374156561982437734651982
961275834437681952852349761198523476743968215625417398316894527574132689289756143
384527169125936784976418352791265438548173296632849571813792645257684913469351827
645981237219347856783526491564278913897163542321459768132794685958632174476815329
425917386319856472687423159162735894743689521958241637291568743534172968876394215
864219537173564289592783461985642713641378925327195846738921654219456378456837192
735894621248561793169327845923718456817456239456239187682973514374185962591642378
345872196198643725762195834539468217286751943417239658974516382621384579853927461
258431697347695812169782345635829471481573269792164583574316928826957134913248756
145723698869514372273869154634287915728951436591436287357142869912678543486395721
946173852581249763372586149453627918698314527127895634839461275264758391715932486
743856291851429763692371485268735914517942638934168527325684179489217356176593842
546971328837256149291438765162587934375694812984123576723849651418365297659712483
918534762642871539537269814324718695186953247795426183873645921261397458459182376
341597862982361574567482139174928356258634791693175428436859217719243685825716943
264385197791426853385719624459837216623951748178642935516274389932568471847193562
632945178945871326871623594193467852564238917287159463458712639329586741716394285
238697514794513268651842937362751849587469321149238756873124695425986173916375482
512849376436751928798632541843275619257916834961384257679123485124598763385467192
715924638846153279932687415524319867378265194691478523289536741153742986467891352
145726839867593214293481657314658972978342561526917348782135496451269783639874125
861372495793584261524619837246753918987241356315896724159438672638127549472965183
153289476276453918948167253835726194769541832421398765587934621692815347314672589
937258146861749352254361987482917563613825479579436821325694718746183295198572634
278931654196425378453786921617894235384572169925163487761348592842659713539217846
836254179942167358715389462498513627521746983673892541357621894169478235284935716
763124895821395476495867321589731264637452189214986537342579618176248953958613742
893742651127856943546193728938265174412378596765419832381927465674531289259684317
546219387271835469839746512482953671695187234317624958723591846158462793964378125
629351847418627539375948162837419625592836471164572398956283714743195286281764953
241569873379481562856372419538194627692857134714623958127945386985736241463218795
196542837824713965357896421541378296973624158268951743482135679715469382639287514
734298615621534789859761432478329561963175824512846397147682953296453178385917246
236975841784163295519428736648357129195284673327691584461732958873519462952846317
627894315395162748418753692854927163239416857761385924983541276572639481146278539
516237489472859136839164275743915862951682347628743951364521798295478613187396524
345618792728539641916472835579386124163245987482197563657924318834761259291853476
861247539452139768397658241573921684624583197918476325146792853289315476735864912
378952461651874239429163785962481357845736912713295648584327196236519874197648523
784356291523179468961824375216945837397682514845731629658297143472513986139468752
264837951718549632359216784685172349173495268492368517941753826836921475527684193
542618379361957248879234651918576432635482197724193586187365924256849713493721865
425976381183542796769831542518623479374195268296784153642358917931467825857219634
369524718785631492214897635178243569546189273932765841693452187451978326827316954
643781529195243876728965314817632945256194783439578162372419658581326497964857231
451639872872154936639287451927541368586923714314768529263895147795412683148376295
729841356685973214413625798364157982257389641891264537572438169938716425146592873
249365178735981264681742359317459682592876431468213597173594826824637915956128743
937682145168549723254731869572316498849275631613498257386927514795164382421853976
478615932613927845925384176762849513841536729359172468286791354537468291194253687
297458136831692754645137289429765813178923465356841972982516347763284591514379628
728634951543971268619852347976348125435127689182569473364715892297483516851296734
183756942642193875579842163934287516817564239256931487728319654495678321361425798
283175496615493278497268531839526714752314689164987325941752863326841957578639142
573248196964513278281697453148932765697485312325176984436759821712864539859321647
872645193364819527951273864643721958589364712127958436438196275715432689296587341
689125734412937865357846129126759483574381692893462571938614257745298316261573948
647185932129367485835492671412576893963218547758934126286741359371859264594623718
129758643876493215543261798938612574614375829257849136761534982392186457485927361
238645719549871263671392458426138597387569124195427836712986345863254971954713682
274631958195482367836597124743128596619375482582964731428753619361249875957816243
769513842154782369382469517246357198813296754975841623628975431597134286431628975
431789562962453871578261439643128795897534126215697384324816957159372648786945213
528419673374586219961327584785163492246975831139842765417238956852691347693754128
914236758587941326326857491638729145452318679791564832245183967869475213173692584
653794812792186345481532769549673128278419536136258497824367951965841273317925684
198254367564378921237619584813962475726541893459837216975123648681495732342786159
126435987537289461849716352283941576971562843465873129712358694698124735354697218
534178629271693485689245371867321594143759862952486137715862943496537218328914756
136589274294731685875624319519476823742893561368152497953218746481367952627945138
431829765689375421572164839214756983365298147798431256957682314123547698846913572
234581976975436182681792345163849257549127638827653419756214893498365721312978564
387651924461329587529847136138276495695134872742598613876413259954782361213965748
329457861165893724487621935713285496648739152952164387234518679876942513591376248
392615487574382961816479523287543196631798245459126378123864759965237814748951632
487692153659183472231574689398426715125738964764951238842317596973265841516849327
691832754354167298287945136963728415412356879578491362836219547745683921129574683
514728693368195742792436158471962385259387461836514279185643927947251836623879514
263941857795832146841657392984316275327495618156278934578169423412583769639724581
319468572642957318758123469825734196467291835193685247974512683286349751531876924
482561397137498526659237148765914283348752961921386475514679832273845619896123754
459163827832745916167982534624571398978324651315698742291837465746259183583416279
915462873327589641468731952736154298284693517591278364873915426652847139149326785
637541289418239675925768413759413862184926537263857194892174356341695728576382941
298476135143528679756193428561832794374659812982714563437281956825967341619345287
756312894289754136413689572568947321374125968921836457897561243632498715145273689
563428917894137562271695483745286139132749658986351274619872345328514796457963821
486295371315476982729813645598324167142687593637951428854162739261739854973548216
653427198987136245241985763164253879728691354539748621475812936892364517316579482
319287645864359217572146938697538421245961783138472596426713859983625174751894362
572689314694351827318724695951243786786195243423876159839562471265417938147938562
594261738183574926627938451872653149951482367436719582748125693369847215215396874
689314752351972648472865391527496183913287564864153279235649817798521436146738925
362751498718469253459238761537946182296187345841325679923874516684513927175692834
413752689872196453965834127139547268628319745754628931291485376546973812387261594
568417923241369875739258461125946738374821659986735214417693582693582147852174396
257394681146728935983615247732569814468132759519847326895271463624953178371486592
913586724547912386628473519174259863386147952295638471731864295452791638869325147
231956748458723196796148523372694815965831274184275639517389462829467351643512987
682974531941583276537261894754136928293458617816729453379642185165897342428315769
673541829419728635582396417358469271246157983197832564864913752735284196921675348
129734856876159432354268719567891243241673598938425167792546381483917625615382974
528741936167893425439256718986175243754328691213469857892517364675934182341682579
528173649761954832934826751473569128856231974219748563697482315382615497145397286
143678952798254631652193487865347219431529768927816345289461573376985124514732896
873265194421938657596147238345821769962374581718659342657492813284513976139786425
568947312231685947947312856829156473654793128173428569485269731316874295792531684
296547183348916725517238469935421678872369514164785392783694251629153847451872936
218579634945386217367412598153927846892164753674835921426791385781253469539648172
745621839129438567386759412961285743834197625257364981672943158418572396593816274
497382651186759234325164987673845129812937465549216873258471396731698542964523718
791652843832941567654738291183265479476893125925174638569417382348529716217386954
647189352925736814318245796283954167156327948794861523869413275572698431431572689
453816972627943158891572643568134729239765481174289365785691234312457896946328517
142986375368275941795431286584719632219364857673852419827593164931647528456128793
421638975537912468986745231298156743165473892743289516612894357379521684854367129
973165248248937165615842739389716524156294873724583691597428316861379452432651987
257416389496873215381259746749562138618934527532781964823697451964125873175348692
572483691961752348384691572125367489647918253893245167439826715718534926256179834
628359174579124386341678259897562413432981765165437928756243891983716542214895637
562187439198432675734659821913528746846971253257364918471895362385246197629713584
952673184834915627716428593193256478468137952275849316529384761387561249641792835
139652784427398651658714239541823976376149528982576143295431867813267495764985312
951347286634892715287165394529786143163954872748213569312679458895421637476538921
976581432428936175153274968312647859845392617769815324684753291531429786297168543
923475186547168239816392574169724853735981642284653791691547328452836917378219465
136729845294815736785346129827594361963182574451673982312458697548967213679231458
385179426697248351412365798248596137953781642176432589834627915721954863569813274
289463157513789642746251839954612783631897524872345961325176498497528316168934275
319425687267918453854673291985764312473251869621839745148392576792586134536147928
283679415915438726674152938591724863432816597768395241126987354849563172357241689
134968275792534168856217349963452781415873692278196453327689514549721836681345927
497123658836475219152698437281549376675382941943716582764251893529837164318964725
726534198139826574485197326578642931913758462642319857851273649397461285264985713
821695743574381926693724185185239674732416859946578312217943568368152497459867231
692385714347162859185749326863954172279618435514273698426537981751896243938421567
932514678748623519561789342217846935893175426654932781476251893185397264329468157
962347518514298637387615942475821369831569724629734185298176453756483291143952876
534187692821569743967432518183745926472896135659213487246351879398674251715928364
592314678174685239368297154627951843941836725835472961286549317419723586753168492
563498721192375648748612539219746385436851972875239164984163257321587496657924813
923864157481275693765391482342759816519683274678142935196437528857926341234518769
819753642523649871674812395951278436437196528286435917145367289798524163362981754
542381976896427135713569248381974652257136489964258713135792864679845321428613597
986752134513864729472319568697128453231547986854936217328471695149685372765293841
819734652657892341324651879782965134546317928931248765178523496293486517465179283
753816492612495783489372165861543279594728316237169854125637948978254631346981527
874596213513842976296173854659431782147258639382769541735624198961385427428917365
742395168659841732381276459428637591963512847517489623235168974174953286896724315
241837596756129483389456712673918254924573861815264379137682945598341627462795138
475931682296785431138642795752198346364257819981463257817524963623819574549376128
968273154725418369143596872492735681856142793317869245584621937631957428279384516
437829156591367824826154379182436597649785213753912648314578962965243781278691435
185243679937615482246798153452931768671852394893467521718326945324579816569184237
246359187573618492918472536159267348867143259324895761732586914691734825485921673
215463879794182563638795241971824635452639718386571924529347186847916352163258497
213794658576831924498526731145679283369285417827413569631942875754368192982157346
916732458752841693834956271365197824197284536428563917283475169579618342641329785
693725418482193657715864923349256781276418539851937264964382175537641892128579346
194653728785294631632817954578932416943165872216478395329586147851749263467321589
184397265927685341653241978261758493735964182498123756879532614512476839346819527
468293157397415862152687943813942675975836421624751389741569238536128794289374516
689471253172953468534286179953864712428715396761329845347598621296137584815642937
265387491938142567471659382542736918613498725789521643857914236324865179196273854
436182759978456132512793468649521387257348691183679524865217943321964875794835216
235874619718369452496215738157493286683752194924681375842537961579126843361948527
451683729378952164269174853712496538935821647684735912826547391547319286193268475
593872416681495273427163958938241765274356891156789342365924187819537624742618539
173586249965243718824791365798465132312978456456312897647839521581624973239157684
465139827917248536382756419853691274246375198791482365579823641128964753634517982
257164983164983752983752461618425379475396128392817645536271894749538216821649537
974512836283476159651893247129657483548329671736184925462731598817945362395268714
524718369316549278978236154237961485865374921149825736692483517483157692751692843
624593187785241639913786254572918346438657921169432875257369418846125793391874562
576431982842697531139285764327516849614978253958342617765124398483769125291853476
632718495749352681185496732516843927398275146427961853263189574871524369954637218
274596831981342765365718924416987253539624187827135649198253476743861592652479318
618372954573948162429165873235817649894256731761493528952731486187624395346589217
514932786286175943739684512358749621642513879197268435963827154471356298825491367
147823659852961473396457821435172986218695347679384215783219564961548732524736198
645179328932548716871362549527684931419723685368951472253416897196837254784295163
321958476986714325754263918137495682598627134642831759869172543273546891415389267
537849126246137598189625374753961842612584937894372615461253789328796451975418263
865792134234168579971453268629847351748315692153926487596281743417539826382674915
291835467673142589485796312357684921812359674946217835724963158139578246568421793
618275493543196278792348561957821634431657982286934715125763849874519326369482157
351982476824576931976431258732619845485723169169845723298357614547168392613294587
738491256621758394945632871857926143219347685463185729382569417194873562576214938
273865491941237865685194723597386142364721958128549376439612587852973614716458239
596421837812397456743658291459816372637942185281573964125789643378264519964135728
362194587597683421184725936645879213729316854813452769438567192971238645256941378
923478615146529738587613492279164853865392174314857926698735241432981567751246389
298637145164895372537241968723419586645783291981562734376124859452978613819356427
385192476624573198791648352419325867853764219276981543568439721137256984942817635
314827659957643812286915437478536291695172348132498765863751924529384176741269583
574836921128957643936412785849521376351678294762394158415769832287143569693285417
279586413186394257534127986841953762652471839793862541415739628327648195968215374
596813742318247956274695138785136429431982567629574381843721695957368214162459873
462783519975146823813925746259678134641539287387412695598264371736891452124357968
832749165651823947479165328263981754145637892798452631316574289527398416984216573
435186279691427538728935146574619823182374965963258417819762354256843791347591682
367852491854913276912467538428139765536274189179685324241398657695721843783546912
162478395379165284854932716938751642217346958546289137423517869785693421691824573
481395627529786413673241958967854132814623579235179846198432765356917284742568391
817456392394821657652973184235184976168792435479635218783269541946518723521347869
819264375756831429243957618438725961597146283162389547925618734384572196671493852
813724596945136728726598341674953812391872654582641937137269485458317269269485173
743856129695127438182394657417682395956743812328519764869435271534271986271968543
358261479794583126162479583916325847427198365835647291283756914579814632641932758
769852431234671589581493267897234615312569874456187392648915723123746958975328146
692174583175386942483925167714659328269831475538742691947213856326598714851467239
379268541561947832824531697745316928238479156196825374483192765957684213612753489
847563192632149587519872643261497835953681724784325961476218359125936478398754216
793546821125378946486912573967253184248691357351784269839427615572169438614835792
463751928915628743827943156178265394396417285254839617682174539541396872739582461
317826945654319872829547613731968524285473196496152387578231469963784251142695738
347895261658172394219643785921456873834721659576938412185264937493587126762319548
485732196317659842269481735153278469624195387978346251742963518836517924591824673
382176945514892376967543128731684259245931687698257413823465791479318562156729834
319264578645783219287915436561849327798321645423657981874536192152498763936172854
629813574817254369453967218298635147175489632364721895936578421781342956542196783
298475136765321894314986752453869271182743569976152348631297485547618923829534617
926185734158473296734296851512937468643852917879614523385721649267349185491568372
972645183468231759513978624359486217826197345741352968284769531137524896695813472
684235791132479865759816234916527483578943126423681957867394512391752648245168379
896271453743596128125384697914853276357642981268719534631927845579468312482135769
186725349352894176479361825567238491291547638834619752913482567748956213625173984
327851946589624731164937285742163859615789324893245617456398172931472568278516493
327654981819273654465918327592186473184739265673542198948365712756421839231897546
921856374634712859785493621856321497319647582247589136593174268462938715178265943
274958631139267584568341927345689172826173459917524863482795316691832745753416298
973851642625374189841296357364527891582913764197468235418735926256189473739642518
459687213716932854832154697274516938985423176361879542527361489193248765648795321
759812346836947251241635879417329685968451732523768194675293418392184567184576923
573962418916843257842571369429187536351629874687354921265418793794236185138795642
917865342483129567265473891654317289839652174721948635178596423596234718342781956
927813645365749812814562973759236184642198537138457269486325791591674328273981456
895716342642893157317452698154679283283145769976238415768524931429381576531967824
915264837468573921732891645674389152859712463123645798287956314391428576546137289
586219374214753896973684152361948527458127963729365418847596231135872649692431785
964731825857926143321854679582647391146398257793215486479183562238569714615472938
852641937437859621196372485945137862671428593283596714529783146768214359314965278
374261985821539647956487312645918723137642859298753461713826594582394176469175238
326814597785639421149572863438267915967185234512943786853721649271496358694358172
491765238867239415532841967326518794189427356745396821278153649653974182914682573
492315768157846239386297145928561374634782951571439826845123697219674583763958412
178253469523496781694871532916325847432187956857964123781532694269748315345619278
692854137543721968187693524726318495451269783839475216964187352275936841318542679
324169875876532149519487623795348216683291457241675398467923581952816734138754962
632895714845671392917243568364512879579468123128739456281954637793186245456327981
125648937463792158897153264972435681341826579658971342714369825239584716586217493
374182569985364721162957348596243187213876495847591632731429856428615973659738214
752649183136285479849317526527196348968423715314758962685971234491832657273564891
347185269862497135591623847673852914185749326429316758754238691216974583938561472
241638957897512346356479128513896472982347561674251893735124689128965734469783215
926534817531987246478216539769425183214378965385169472857691324693842751142753698
493567812682314597715982643578143926324698175961725438157839264239456781846271359
756249183248316957931857426465138792127694538893725614682971345579483261314562879
758946213462713598139285467625498371397521684841637952573164829986372145214859736
768254931194368257325197468957816342482539716613472589846923175271645893539781624
963528417712964835458731692874312569235689741691475283529843176347156928186297354
472618953195432687683795124534189762961274835728563491859341276347826519216957348
749152863621378495835694721987416352512937684463825917298741536176583249354269178
247938165586721943139564287798613524614257398352849716463195872975482631821376459
243697815176854392589123647924538761367219584815746239631475928458962173792381456
823915764195467238746283915679351842218794356354826179481639527562178493937542681
475183926231965847869247351652419738798352614143678295527834169386591472914726583
861492375574863129239157846943285761682971534157346982795628413328514697416739258
638219745412657389795438162329765814541823976876941253953176428184592637267384591
285467139741293685396158274423879516518632497967514823834925761159786342672341958
954713682762485913183926475529178346831642759647359128216894537498537261375261894
291746583568239741374158692756983214942671358813524967135497826689312475427865139
816749532935126784274358961197562843683417295542983617758631429461295378329874156
267148539415293678389657241153764982846529713972831465534916827791482356628375194
312576984879432561564918372643859127297143856185627439956784213431265798728391645
374298156826315497915674832782531649491786523653942781569827314248163975137459268
312746598867195432495283617936472851528619743174538269659821374243967185781354926
593817624628495713174263985245938167369172458781546239817329546456781392932654871
589172643216843957473965281195638472728419365364527198947251836652384719831796524
729653481435182697681947352976531248243879165158426973597214836362798514814365729
962148537541793862378625491635987124729514386814362975156879243497231658283456719
647895231538217964921634578384972615159386427276541389763159842815423796492768153
352184769618973452479562138195726843236841975847395621583417296964238517721659384
327684159416295387598371264839462571651937842742518693984126735175843926263759418
524619387137584926869723415641835792378962541295471863783146259456297138912358674
184925736732168954695437281329581647861742593547693128416859372973214865258376419
681537924253489176479621358948213567315768492726954813137896245862145739594372681
652837194317469285984251367798315642465928713123674958846792531231546879579183426
941627835756348291382951467614239758523874916879516342168793524435182679297465183
629743851157826934384915762573468129298137645461259387936572418742681593815394276
627184935189357246354962817946871523715239468832546791273698154598413672461725389
841963752973512648526748193435186927297354861618297435154829376362471589789635214
216453897495728361387619254621984735853271946749365182968147523572836419134592678
126587439749316528538924617672859341913642785485731962854173296267498153391265874
295386741746291538813457629457139286981625374632874195568742913124963857379518462
728463951645179238913582467562391874439758612871624593194235786287916345356847129
672154893594378612318629475927436158185297346463815927736541289849762531251983764
549173628128956473637482519273691854954328167861745932715839246492567381386214795
193526748756498213248137569314265897825971634967384152571843926489612375632759481
748623195539714628216895437165472983372189564894536271621358749987241356453967812
456327198897154623231968745148275369675493281923681574789532416564719832312846957
786354912259167438134298756948715623371642895562839147617423589825971364493586271
584912763712836459693754821368127594941385276275649138837291645156473982429568317
415896723782435916693271584256943871937168452841752369568319247324687195179524638
278934615419865327536271498387652941962418573145793862654187239793526184821349756
385724196721956438469381572236598714517432689894167253172843965943675821658219347
152637489783194265496285713921346578365978142847521396679452831534819627218763954
296135874481267539375489216528714693167593428934628157742356981813942765659871342
825394167461257839793861542648732915312945786579186423937428651254619378186573294
548923716627814935391756284284569371763481592159372468916235847835647129472198653
549817623287639154136542978792486315314795286865321749958273461673154892421968537
791236548234587916685194237178623495352749861946851372427918653563472189819365724
752316948641589237839427615574863129283195764196274583325941876917638452468752391
832964517716583924594217386241735698965148273387692451129476835658321749473859162
398167542654823791127459638735614289816392457942785316483976125571238964269541873
138594627574632198962187435395471862487326519621958743819763254256849371743215986
264815739938476251157329846546782913813594627792631584671248395485963172329157468
157298463864713295329456178712534986546982317983167542438621759675349821291875634
328649715796185423145327869931278546564913287872564391417856932259431678683792154
427183569951624387368975124542837916816592473793461258185749632274356891639218745
362158497495273186817496352541829673276534819938617245659381724784962531123745968
764913528952478631381256947819542376573169482246387195637891254498625713125734869
594281673786593241123746958961825437235467819847319562358974126679152384412638795
468975312359218647127463589891342765735691428246857931674189253913524876582736194
792835164483612579615974283568293741239147658174568932941786325356429817827351496
928534716361798425547612389182953674439267158756841932814329567673485291295176843
274586391815932764369147258641298537958374126732615489427863915183759642596421873
432517968187296435596483721649738512213654879758129643324975186875361294961842357
328975461719624538645831927281547693476193285953286714192758346564319872837462159
247635981958124763631978542376481295184592376529367814413859627795246138862713459
874619523315724689296385147749138265563472918128956374681597432932841756457263891
793581264624937581815462793987324615436715928152896437569148372341279856278653149
685439712391527486472861935547193268916278543238645197854716329729384651163952874
351692487982547136674183925518964273423751698796238514135479862869325741247816359
564871932921354768837269415376145829152938674489627351698513247245786193713492586
895674213761823945423951768582746391976315824134298657219487536357169482648532179
435798162179326845826541793764832951598167234312459678951684327683275419247913586
546819237719342568832657941653724189924185673178936452295478316367591824481263795
953472168184693275276815493715964832638127954429358617362541789541789326897236541
326795841894213567751468923518342796962871435473659182185926374249537618637184259
274613598319584672865297143653921487748365219192478356437856921986142735521739864
137849265642573198589216473291357846758462319364198527473681952925734681816925734
689132547734589162125476983413265798958741236267893451892657314576314829341928675
649783251723195846518462379286341597137259684495678123354817962872936415961524738
472639851853714269691285347547392618139856724268147935916473582385921476724568193
153986427768254391942137865471369258639825714825741936314572689586493172297618543
583942671214637859697851423748216395935478216126395748361729584452183967879564132
531247869764859213892613475318972654649385721257164938175496382426538197983721546
867532914943167528125984376534279861682413759791658243316795482258341697479826135
761492385392815674584376912843169257216758493975243861437681529158924736629537148
451968372639271845728453961973685124185724639246319758564897213817532496392146587
893162754257948613416753928769235481125894367348617592532489176674521839981376245
735481269164259783829376145947625831216834957583197426352718694691542378478963512
685913742392574861174826953849632175267185394513749286938461527726358419451297638
412659783593781462786243591324965817867312945159874236638597124271438659945126378
634971258978325164521468937412659873395784612786213549147592386869137425253846791
498521736635784129721963584863412957542379861917856342379645218256198473184237695
429617835618345279357982461836521947542739618791468352265193784973854126184276593
495178236127634985683925174376892541819457362542361897964213758258749613731586429
431795826697428315825136497173862549954317682286549731748251963562983174319674258
971254683523186794486379215852947361619523478347861529738492156165738942294615837
867352914914867352235194678489526137671938245352471869746219583598643721123785496
836149752972835416541762839318927564427356981659418327293571648184693275765284193
395168742847239561126574839634952187951387426782416953518693274469725318273841695
816254397953176482274938561648723159597461238321895746769342815482519673135687924
271943856896125734453786219649871325317562498582394671964257183128639547735418962
798364521365192784214758936587649213941283675632571849179835462853426197426917358
748139625392576481516284793861943257259617348437852916925761834173498562684325179
567312849912478563348965127753246918496581732281793456129657384834129675675834291
328461957546973128917528364184359672769842531253617489431785296675294813892136745
634875219857912634129436785516289473972364158483751926398627541245198367761543892
789425136264139857351768924196587342832694571475312698647853219913246785528971463
279865341461739285835421967948512673156347892327986154713694528592178436684253719
537294681621837594498561273369125748742389165815746329186973452273458916954612837
175468923863259471942137856218576394497823615536941287789614532324795168651382749
518462937467935182329178465853246719791583246246791358175624893682319574934857621
351497862672138594948562731437821956196354278285976143864715329523689417719243685
315768924467921853829453716198246375653197482274835169941572638732684591586319247
873951462521746938649328175715894623236175894984263517492517386168432759357689241
126853974735469128894127536513784269648392751279516483381245697957631842462978315
786945231324716859915823764469572183173489625258361497542697318891234576637158942
387421569642958137195637248574163982963285471821749653459872316716394825238516794
615348972839725164274916835147853629382469751956172348428631597593287416761594283
769482351125637948483195672851763294936214785274958136518329467342576819697841523
849356712613728549275491386368917425754862193192534678531279864987643251426185937
328597641159462738746318925874925163513876294692143587461739852987254316235681479
731692485952784136468153792189365274276418953543927618315276849694831527827549361
325671498418935627967842315546318972831297564792456831259183746184769253673524189
792156348684923517135874692549382761267591834318647259821465973476239185953718426
167498523985327641432516978741683295526179834398245716814752369679831452253964187
197843562263759418485261973972138645814625397536974821648517239729386154351492786
652378149389412567174695823845963271923751486716824935498136752267549318531287694
975312486381649572642785913456123897728596134193478265239864751867251349514937628
357962184482751639196483725578346912643219578219875463734698251865124397921537846
346519872197628453285374196739846521468251739521937684913765248672483915854192367
941856327657392814832741695495287136768513942213469578126975483389624751574138269
359867214864521397127943856693485172785312649241796583416278935938654721572139468
193628574547193826862475931726951348319864257485732619951387462278546193634219785
294183675673245981851697432432976518189534726765821349328769154917458263546312897
572846931683219457194735862756492183329187546418653279967528314831974625245361798
876259413129348576354617892741963258692581734538724169287196345463875921915432687
816257394724931568359846217275194836981673452643582179597418623432765981168329745
541736892832149756796825134619584273354271689278693415467358921185962347923417568
251348967739162584468579132916724358345981276827635419174256893583497621692813745
678914325541832769239567841412689537783251496956743182827395614394176258165428973
741256389682913475593478621925764138874391562136582947269147853417835296358629714
674513289825749163319286457147628395593174628268935714756492831432851976981367542
136482597548197623927653184394716258675248931812539746481965372769324815253871469
962571843147683952853492716314729685725846391698315427481237569579164238236958174
716348925254796381893512674142987563368251497579463812687135249425679138931824756
917248563624153978583697124761825439849376215235419786392784651476531892158962347
296874315813659274475231896932716548681542937547983162154327689768195423329468751
789536214361924758425178396158247963273619485694853127517362849942785631836491572
567938142248761593319542786985327461436195827172684359651879234823416975794253618
398642715741835629652179348574396182269418537813527964426751893135984276987263451
925718346316954782874362591437685129568291437192437658681549273259173864743826915
379862415851934726462517398623481957945273861187659234738195642594726183216348579
894263751527918436136574289945731628378652914612489573253846197761395842489127365
238957641796143285145862937472691358389275164561438792613784529857329416924516873
379862415851934726462517398623481957945273861187659234738195642594726183216348579
894263751527918436136574289945731628378652914612489573253846197761395842489127365
238957641796143285145862937472691358389275164561438792613784529857329416924516873
237158694849623157156479832964231578325987416781546329418795263672314985593862741
274135698581946273639278154423691785965827341817354926342519867156782439798463512
412398756639275418587614932724851369856739241391426875163942587948567123275183694
234618975517934268869275341695421783473859612128367459756193824982546137341782596
